environment,collective,lnc,world_size,config_ws,size_bytes,duration_us,throughput_gbps,busbw_gbps,jobid,source_log
trn2_3xl,all_gather,1,2,2,16,638.772,0.0,0.0,,/Users/jburtoft/Documents/opencode/working/collective/task-010/logs/phase_c/lnc1_ws2/all_gather.log
trn2_3xl,all_gather,1,2,2,32,659.164,0.0,0.0,,/Users/jburtoft/Documents/opencode/working/collective/task-010/logs/phase_c/lnc1_ws2/all_gather.log
trn2_3xl,all_gather,1,2,2,64,708.8,0.0,0.0,,/Users/jburtoft/Documents/opencode/working/collective/task-010/logs/phase_c/lnc1_ws2/all_gather.log
trn2_3xl,all_gather,1,2,2,128,748.649,0.0,0.0,,/Users/jburtoft/Documents/opencode/working/collective/task-010/logs/phase_c/lnc1_ws2/all_gather.log
trn2_3xl,all_gather,1,2,2,256,517.98,0.001,0.0,,/Users/jburtoft/Documents/opencode/working/collective/task-010/logs/phase_c/lnc1_ws2/all_gather.log
trn2_3xl,all_gather,1,2,2,512,671.723,0.002,0.001,,/Users/jburtoft/Documents/opencode/working/collective/task-010/logs/phase_c/lnc1_ws2/all_gather.log
trn2_3xl,all_gather,1,2,2,1024,418.589,0.005,0.002,,/Users/jburtoft/Documents/opencode/working/collective/task-010/logs/phase_c/lnc1_ws2/all_gather.log
trn2_3xl,all_gather,1,2,2,2048,563.725,0.007,0.004,,/Users/jburtoft/Documents/opencode/working/collective/task-010/logs/phase_c/lnc1_ws2/all_gather.log
trn2_3xl,all_gather,1,2,2,4096,206.926,0.04,0.02,,/Users/jburtoft/Documents/opencode/working/collective/task-010/logs/phase_c/lnc1_ws2/all_gather.log
trn2_3xl,all_gather,1,2,2,8192,415.01,0.039,0.02,,/Users/jburtoft/Documents/opencode/working/collective/task-010/logs/phase_c/lnc1_ws2/all_gather.log
trn2_3xl,all_gather,1,2,2,16384,699.79,0.047,0.023,,/Users/jburtoft/Documents/opencode/working/collective/task-010/logs/phase_c/lnc1_ws2/all_gather.log
trn2_3xl,all_gather,1,2,2,32768,252.152,0.26,0.13,,/Users/jburtoft/Documents/opencode/working/collective/task-010/logs/phase_c/lnc1_ws2/all_gather.log
trn2_3xl,all_gather,1,2,2,65536,213.622,0.614,0.307,,/Users/jburtoft/Documents/opencode/working/collective/task-010/logs/phase_c/lnc1_ws2/all_gather.log
trn2_3xl,all_gather,1,2,2,131072,699.253,0.375,0.187,,/Users/jburtoft/Documents/opencode/working/collective/task-010/logs/phase_c/lnc1_ws2/all_gather.log
trn2_3xl,all_gather,1,2,2,262144,753.362,0.696,0.348,,/Users/jburtoft/Documents/opencode/working/collective/task-010/logs/phase_c/lnc1_ws2/all_gather.log
trn2_3xl,all_gather,1,2,2,524288,367.826,2.851,1.425,,/Users/jburtoft/Documents/opencode/working/collective/task-010/logs/phase_c/lnc1_ws2/all_gather.log
trn2_3xl,all_gather,1,2,2,1048576,356.468,5.883,2.942,,/Users/jburtoft/Documents/opencode/working/collective/task-010/logs/phase_c/lnc1_ws2/all_gather.log
trn2_3xl,all_gather,1,2,2,2097152,371.897,11.278,5.639,,/Users/jburtoft/Documents/opencode/working/collective/task-010/logs/phase_c/lnc1_ws2/all_gather.log
trn2_3xl,all_gather,1,2,2,4194304,294.125,28.521,14.26,,/Users/jburtoft/Documents/opencode/working/collective/task-010/logs/phase_c/lnc1_ws2/all_gather.log
trn2_3xl,all_gather,1,2,2,8388608,453.746,36.975,18.487,,/Users/jburtoft/Documents/opencode/working/collective/task-010/logs/phase_c/lnc1_ws2/all_gather.log
trn2_3xl,all_gather,1,2,2,16777216,1091.315,30.747,15.373,,/Users/jburtoft/Documents/opencode/working/collective/task-010/logs/phase_c/lnc1_ws2/all_gather.log
trn2_3xl,all_gather,1,2,2,33554432,1910.348,35.129,17.565,,/Users/jburtoft/Documents/opencode/working/collective/task-010/logs/phase_c/lnc1_ws2/all_gather.log
trn2_3xl,all_gather,1,2,2,67108864,2856.661,46.984,23.492,,/Users/jburtoft/Documents/opencode/working/collective/task-010/logs/phase_c/lnc1_ws2/all_gather.log
trn2_3xl,all_gather,1,2,2,134217728,5569.044,48.201,24.101,,/Users/jburtoft/Documents/opencode/working/collective/task-010/logs/phase_c/lnc1_ws2/all_gather.log
trn2_3xl,all_gather,1,2,2,268435456,11373.929,47.202,23.601,,/Users/jburtoft/Documents/opencode/working/collective/task-010/logs/phase_c/lnc1_ws2/all_gather.log
trn2_3xl,all_gather,1,2,2,536870912,32373.539,33.167,16.584,,/Users/jburtoft/Documents/opencode/working/collective/task-010/logs/phase_c/lnc1_ws2/all_gather.log
trn2_3xl,all_gather,1,2,2,1073741824,64616.832,33.234,16.617,,/Users/jburtoft/Documents/opencode/working/collective/task-010/logs/phase_c/lnc1_ws2/all_gather.log
trn2_3xl,all_reduce,1,2,2,16,524.498,0.0,0.0,,/Users/jburtoft/Documents/opencode/working/collective/task-010/logs/phase_c/lnc1_ws2/all_reduce.log
trn2_3xl,all_reduce,1,2,2,32,199.491,0.0,0.0,,/Users/jburtoft/Documents/opencode/working/collective/task-010/logs/phase_c/lnc1_ws2/all_reduce.log
trn2_3xl,all_reduce,1,2,2,64,695.738,0.0,0.0,,/Users/jburtoft/Documents/opencode/working/collective/task-010/logs/phase_c/lnc1_ws2/all_reduce.log
trn2_3xl,all_reduce,1,2,2,128,427.846,0.001,0.0,,/Users/jburtoft/Documents/opencode/working/collective/task-010/logs/phase_c/lnc1_ws2/all_reduce.log
trn2_3xl,all_reduce,1,2,2,256,263.652,0.002,0.001,,/Users/jburtoft/Documents/opencode/working/collective/task-010/logs/phase_c/lnc1_ws2/all_reduce.log
trn2_3xl,all_reduce,1,2,2,512,156.069,0.007,0.003,,/Users/jburtoft/Documents/opencode/working/collective/task-010/logs/phase_c/lnc1_ws2/all_reduce.log
trn2_3xl,all_reduce,1,2,2,1024,613.218,0.003,0.002,,/Users/jburtoft/Documents/opencode/working/collective/task-010/logs/phase_c/lnc1_ws2/all_reduce.log
trn2_3xl,all_reduce,1,2,2,2048,545.8,0.008,0.004,,/Users/jburtoft/Documents/opencode/working/collective/task-010/logs/phase_c/lnc1_ws2/all_reduce.log
trn2_3xl,all_reduce,1,2,2,4096,372.26,0.022,0.011,,/Users/jburtoft/Documents/opencode/working/collective/task-010/logs/phase_c/lnc1_ws2/all_reduce.log
trn2_3xl,all_reduce,1,2,2,8192,481.01,0.034,0.017,,/Users/jburtoft/Documents/opencode/working/collective/task-010/logs/phase_c/lnc1_ws2/all_reduce.log
trn2_3xl,all_reduce,1,2,2,16384,757.888,0.043,0.022,,/Users/jburtoft/Documents/opencode/working/collective/task-010/logs/phase_c/lnc1_ws2/all_reduce.log
trn2_3xl,all_reduce,1,2,2,32768,627.181,0.104,0.052,,/Users/jburtoft/Documents/opencode/working/collective/task-010/logs/phase_c/lnc1_ws2/all_reduce.log
trn2_3xl,all_reduce,1,2,2,65536,596.825,0.22,0.11,,/Users/jburtoft/Documents/opencode/working/collective/task-010/logs/phase_c/lnc1_ws2/all_reduce.log
trn2_3xl,all_reduce,1,2,2,131072,657.45,0.399,0.199,,/Users/jburtoft/Documents/opencode/working/collective/task-010/logs/phase_c/lnc1_ws2/all_reduce.log
trn2_3xl,all_reduce,1,2,2,262144,657.983,0.797,0.398,,/Users/jburtoft/Documents/opencode/working/collective/task-010/logs/phase_c/lnc1_ws2/all_reduce.log
trn2_3xl,all_reduce,1,2,2,524288,657.573,1.595,0.797,,/Users/jburtoft/Documents/opencode/working/collective/task-010/logs/phase_c/lnc1_ws2/all_reduce.log
trn2_3xl,all_reduce,1,2,2,1048576,608.85,3.444,1.722,,/Users/jburtoft/Documents/opencode/working/collective/task-010/logs/phase_c/lnc1_ws2/all_reduce.log
trn2_3xl,all_reduce,1,2,2,2097152,772.241,5.431,2.716,,/Users/jburtoft/Documents/opencode/working/collective/task-010/logs/phase_c/lnc1_ws2/all_reduce.log
trn2_3xl,all_reduce,1,2,2,4194304,229.39,36.569,18.285,,/Users/jburtoft/Documents/opencode/working/collective/task-010/logs/phase_c/lnc1_ws2/all_reduce.log
trn2_3xl,all_reduce,1,2,2,8388608,408.965,41.024,20.512,,/Users/jburtoft/Documents/opencode/working/collective/task-010/logs/phase_c/lnc1_ws2/all_reduce.log
trn2_3xl,all_reduce,1,2,2,16777216,1019.479,32.913,16.457,,/Users/jburtoft/Documents/opencode/working/collective/task-010/logs/phase_c/lnc1_ws2/all_reduce.log
trn2_3xl,all_reduce,1,2,2,33554432,1623.914,41.325,20.663,,/Users/jburtoft/Documents/opencode/working/collective/task-010/logs/phase_c/lnc1_ws2/all_reduce.log
trn2_3xl,all_reduce,1,2,2,67108864,2685.237,49.984,24.992,,/Users/jburtoft/Documents/opencode/working/collective/task-010/logs/phase_c/lnc1_ws2/all_reduce.log
trn2_3xl,all_reduce,1,2,2,134217728,4904.542,54.732,27.366,,/Users/jburtoft/Documents/opencode/working/collective/task-010/logs/phase_c/lnc1_ws2/all_reduce.log
trn2_3xl,all_reduce,1,2,2,268435456,9304.479,57.7,28.85,,/Users/jburtoft/Documents/opencode/working/collective/task-010/logs/phase_c/lnc1_ws2/all_reduce.log
trn2_3xl,all_reduce,1,2,2,536870912,18040.121,59.52,29.76,,/Users/jburtoft/Documents/opencode/working/collective/task-010/logs/phase_c/lnc1_ws2/all_reduce.log
trn2_3xl,all_reduce,1,2,2,1073741824,35667.668,60.208,30.104,,/Users/jburtoft/Documents/opencode/working/collective/task-010/logs/phase_c/lnc1_ws2/all_reduce.log
trn2_3xl,broadcast,1,2,2,16,321.792,0.0,0.0,,/Users/jburtoft/Documents/opencode/working/collective/task-010/logs/phase_c/lnc1_ws2/broadcast.log
trn2_3xl,broadcast,1,2,2,32,354.198,0.0,0.0,,/Users/jburtoft/Documents/opencode/working/collective/task-010/logs/phase_c/lnc1_ws2/broadcast.log
trn2_3xl,broadcast,1,2,2,64,474.924,0.0,0.0,,/Users/jburtoft/Documents/opencode/working/collective/task-010/logs/phase_c/lnc1_ws2/broadcast.log
trn2_3xl,broadcast,1,2,2,128,315.437,0.0,0.0,,/Users/jburtoft/Documents/opencode/working/collective/task-010/logs/phase_c/lnc1_ws2/broadcast.log
trn2_3xl,broadcast,1,2,2,256,383.226,0.001,0.001,,/Users/jburtoft/Documents/opencode/working/collective/task-010/logs/phase_c/lnc1_ws2/broadcast.log
trn2_3xl,broadcast,1,2,2,512,314.001,0.002,0.002,,/Users/jburtoft/Documents/opencode/working/collective/task-010/logs/phase_c/lnc1_ws2/broadcast.log
trn2_3xl,broadcast,1,2,2,1024,518.403,0.002,0.002,,/Users/jburtoft/Documents/opencode/working/collective/task-010/logs/phase_c/lnc1_ws2/broadcast.log
trn2_3xl,broadcast,1,2,2,2048,410.569,0.005,0.005,,/Users/jburtoft/Documents/opencode/working/collective/task-010/logs/phase_c/lnc1_ws2/broadcast.log
trn2_3xl,broadcast,1,2,2,4096,645.735,0.006,0.006,,/Users/jburtoft/Documents/opencode/working/collective/task-010/logs/phase_c/lnc1_ws2/broadcast.log
trn2_3xl,broadcast,1,2,2,8192,624.081,0.013,0.013,,/Users/jburtoft/Documents/opencode/working/collective/task-010/logs/phase_c/lnc1_ws2/broadcast.log
trn2_3xl,broadcast,1,2,2,16384,588.454,0.028,0.028,,/Users/jburtoft/Documents/opencode/working/collective/task-010/logs/phase_c/lnc1_ws2/broadcast.log
trn2_3xl,broadcast,1,2,2,32768,447.888,0.073,0.073,,/Users/jburtoft/Documents/opencode/working/collective/task-010/logs/phase_c/lnc1_ws2/broadcast.log
trn2_3xl,broadcast,1,2,2,65536,623.034,0.105,0.105,,/Users/jburtoft/Documents/opencode/working/collective/task-010/logs/phase_c/lnc1_ws2/broadcast.log
trn2_3xl,broadcast,1,2,2,131072,271.004,0.484,0.484,,/Users/jburtoft/Documents/opencode/working/collective/task-010/logs/phase_c/lnc1_ws2/broadcast.log
trn2_3xl,broadcast,1,2,2,262144,785.791,0.334,0.334,,/Users/jburtoft/Documents/opencode/working/collective/task-010/logs/phase_c/lnc1_ws2/broadcast.log
trn2_3xl,broadcast,1,2,2,524288,453.523,1.156,1.156,,/Users/jburtoft/Documents/opencode/working/collective/task-010/logs/phase_c/lnc1_ws2/broadcast.log
trn2_3xl,broadcast,1,2,2,1048576,719.783,1.457,1.457,,/Users/jburtoft/Documents/opencode/working/collective/task-010/logs/phase_c/lnc1_ws2/broadcast.log
trn2_3xl,broadcast,1,2,2,2097152,674.549,3.109,3.109,,/Users/jburtoft/Documents/opencode/working/collective/task-010/logs/phase_c/lnc1_ws2/broadcast.log
trn2_3xl,broadcast,1,2,2,4194304,358.401,11.703,11.703,,/Users/jburtoft/Documents/opencode/working/collective/task-010/logs/phase_c/lnc1_ws2/broadcast.log
trn2_3xl,broadcast,1,2,2,8388608,501.807,16.717,16.717,,/Users/jburtoft/Documents/opencode/working/collective/task-010/logs/phase_c/lnc1_ws2/broadcast.log
trn2_3xl,broadcast,1,2,2,16777216,792.368,21.174,21.174,,/Users/jburtoft/Documents/opencode/working/collective/task-010/logs/phase_c/lnc1_ws2/broadcast.log
trn2_3xl,broadcast,1,2,2,33554432,1377.932,24.351,24.351,,/Users/jburtoft/Documents/opencode/working/collective/task-010/logs/phase_c/lnc1_ws2/broadcast.log
trn2_3xl,broadcast,1,2,2,67108864,2610.532,25.707,25.707,,/Users/jburtoft/Documents/opencode/working/collective/task-010/logs/phase_c/lnc1_ws2/broadcast.log
trn2_3xl,broadcast,1,2,2,134217728,5047.72,26.59,26.59,,/Users/jburtoft/Documents/opencode/working/collective/task-010/logs/phase_c/lnc1_ws2/broadcast.log
trn2_3xl,broadcast,1,2,2,268435456,9727.141,27.597,27.597,,/Users/jburtoft/Documents/opencode/working/collective/task-010/logs/phase_c/lnc1_ws2/broadcast.log
trn2_3xl,broadcast,1,2,2,536870912,19001.231,28.255,28.255,,/Users/jburtoft/Documents/opencode/working/collective/task-010/logs/phase_c/lnc1_ws2/broadcast.log
trn2_3xl,broadcast,1,2,2,1073741824,37344.303,28.752,28.752,,/Users/jburtoft/Documents/opencode/working/collective/task-010/logs/phase_c/lnc1_ws2/broadcast.log
trn2_3xl,reduce_scatter,1,2,2,16,722.09,0.0,0.0,,/Users/jburtoft/Documents/opencode/working/collective/task-010/logs/phase_c/lnc1_ws2/reduce_scatter.log
trn2_3xl,reduce_scatter,1,2,2,32,720.642,0.0,0.0,,/Users/jburtoft/Documents/opencode/working/collective/task-010/logs/phase_c/lnc1_ws2/reduce_scatter.log
trn2_3xl,reduce_scatter,1,2,2,64,469.824,0.0,0.0,,/Users/jburtoft/Documents/opencode/working/collective/task-010/logs/phase_c/lnc1_ws2/reduce_scatter.log
trn2_3xl,reduce_scatter,1,2,2,128,603.245,0.0,0.0,,/Users/jburtoft/Documents/opencode/working/collective/task-010/logs/phase_c/lnc1_ws2/reduce_scatter.log
trn2_3xl,reduce_scatter,1,2,2,256,652.105,0.0,0.0,,/Users/jburtoft/Documents/opencode/working/collective/task-010/logs/phase_c/lnc1_ws2/reduce_scatter.log
trn2_3xl,reduce_scatter,1,2,2,512,703.564,0.001,0.0,,/Users/jburtoft/Documents/opencode/working/collective/task-010/logs/phase_c/lnc1_ws2/reduce_scatter.log
trn2_3xl,reduce_scatter,1,2,2,1024,690.711,0.001,0.001,,/Users/jburtoft/Documents/opencode/working/collective/task-010/logs/phase_c/lnc1_ws2/reduce_scatter.log
trn2_3xl,reduce_scatter,1,2,2,2048,633.18,0.003,0.002,,/Users/jburtoft/Documents/opencode/working/collective/task-010/logs/phase_c/lnc1_ws2/reduce_scatter.log
trn2_3xl,reduce_scatter,1,2,2,4096,678.983,0.006,0.003,,/Users/jburtoft/Documents/opencode/working/collective/task-010/logs/phase_c/lnc1_ws2/reduce_scatter.log
trn2_3xl,reduce_scatter,1,2,2,8192,645.85,0.013,0.006,,/Users/jburtoft/Documents/opencode/working/collective/task-010/logs/phase_c/lnc1_ws2/reduce_scatter.log
trn2_3xl,reduce_scatter,1,2,2,16384,632.833,0.026,0.013,,/Users/jburtoft/Documents/opencode/working/collective/task-010/logs/phase_c/lnc1_ws2/reduce_scatter.log
trn2_3xl,reduce_scatter,1,2,2,32768,625.851,0.052,0.026,,/Users/jburtoft/Documents/opencode/working/collective/task-010/logs/phase_c/lnc1_ws2/reduce_scatter.log
trn2_3xl,reduce_scatter,1,2,2,65536,614.031,0.107,0.053,,/Users/jburtoft/Documents/opencode/working/collective/task-010/logs/phase_c/lnc1_ws2/reduce_scatter.log
trn2_3xl,reduce_scatter,1,2,2,131072,809.691,0.162,0.081,,/Users/jburtoft/Documents/opencode/working/collective/task-010/logs/phase_c/lnc1_ws2/reduce_scatter.log
trn2_3xl,reduce_scatter,1,2,2,262144,225.837,1.161,0.58,,/Users/jburtoft/Documents/opencode/working/collective/task-010/logs/phase_c/lnc1_ws2/reduce_scatter.log
trn2_3xl,reduce_scatter,1,2,2,524288,509.86,1.028,0.514,,/Users/jburtoft/Documents/opencode/working/collective/task-010/logs/phase_c/lnc1_ws2/reduce_scatter.log
trn2_3xl,reduce_scatter,1,2,2,1048576,542.748,1.932,0.966,,/Users/jburtoft/Documents/opencode/working/collective/task-010/logs/phase_c/lnc1_ws2/reduce_scatter.log
trn2_3xl,reduce_scatter,1,2,2,2097152,680.745,3.081,1.54,,/Users/jburtoft/Documents/opencode/working/collective/task-010/logs/phase_c/lnc1_ws2/reduce_scatter.log
trn2_3xl,reduce_scatter,1,2,2,4194304,446.887,9.386,4.693,,/Users/jburtoft/Documents/opencode/working/collective/task-010/logs/phase_c/lnc1_ws2/reduce_scatter.log
trn2_3xl,reduce_scatter,1,2,2,8388608,771.705,10.87,5.435,,/Users/jburtoft/Documents/opencode/working/collective/task-010/logs/phase_c/lnc1_ws2/reduce_scatter.log
trn2_3xl,reduce_scatter,1,2,2,16777216,809.251,20.732,10.366,,/Users/jburtoft/Documents/opencode/working/collective/task-010/logs/phase_c/lnc1_ws2/reduce_scatter.log
trn2_3xl,reduce_scatter,1,2,2,33554432,1078.517,31.112,15.556,,/Users/jburtoft/Documents/opencode/working/collective/task-010/logs/phase_c/lnc1_ws2/reduce_scatter.log
trn2_3xl,reduce_scatter,1,2,2,67108864,1475.917,45.469,22.735,,/Users/jburtoft/Documents/opencode/working/collective/task-010/logs/phase_c/lnc1_ws2/reduce_scatter.log
trn2_3xl,reduce_scatter,1,2,2,134217728,2654.994,50.553,25.276,,/Users/jburtoft/Documents/opencode/working/collective/task-010/logs/phase_c/lnc1_ws2/reduce_scatter.log
trn2_3xl,reduce_scatter,1,2,2,268435456,5535.27,48.495,24.248,,/Users/jburtoft/Documents/opencode/working/collective/task-010/logs/phase_c/lnc1_ws2/reduce_scatter.log
trn2_3xl,reduce_scatter,1,2,2,536870912,13650.987,39.328,19.664,,/Users/jburtoft/Documents/opencode/working/collective/task-010/logs/phase_c/lnc1_ws2/reduce_scatter.log
trn2_3xl,reduce_scatter,1,2,2,1073741824,38336.994,28.008,14.004,,/Users/jburtoft/Documents/opencode/working/collective/task-010/logs/phase_c/lnc1_ws2/reduce_scatter.log
trn2_3xl,all_gather,1,4,4,32,295.378,0.0,0.0,,/Users/jburtoft/Documents/opencode/working/collective/task-010/logs/phase_c/lnc1_ws4/all_gather.log
trn2_3xl,all_gather,1,4,4,64,497.938,0.001,0.0,,/Users/jburtoft/Documents/opencode/working/collective/task-010/logs/phase_c/lnc1_ws4/all_gather.log
trn2_3xl,all_gather,1,4,4,128,367.724,0.001,0.001,,/Users/jburtoft/Documents/opencode/working/collective/task-010/logs/phase_c/lnc1_ws4/all_gather.log
trn2_3xl,all_gather,1,4,4,256,484.754,0.002,0.002,,/Users/jburtoft/Documents/opencode/working/collective/task-010/logs/phase_c/lnc1_ws4/all_gather.log
trn2_3xl,all_gather,1,4,4,512,245.759,0.008,0.006,,/Users/jburtoft/Documents/opencode/working/collective/task-010/logs/phase_c/lnc1_ws4/all_gather.log
trn2_3xl,all_gather,1,4,4,1024,564.062,0.007,0.005,,/Users/jburtoft/Documents/opencode/working/collective/task-010/logs/phase_c/lnc1_ws4/all_gather.log
trn2_3xl,all_gather,1,4,4,2048,346.728,0.024,0.018,,/Users/jburtoft/Documents/opencode/working/collective/task-010/logs/phase_c/lnc1_ws4/all_gather.log
trn2_3xl,all_gather,1,4,4,4096,365.98,0.045,0.034,,/Users/jburtoft/Documents/opencode/working/collective/task-010/logs/phase_c/lnc1_ws4/all_gather.log
trn2_3xl,all_gather,1,4,4,8192,506.508,0.065,0.049,,/Users/jburtoft/Documents/opencode/working/collective/task-010/logs/phase_c/lnc1_ws4/all_gather.log
trn2_3xl,all_gather,1,4,4,16384,364.699,0.18,0.135,,/Users/jburtoft/Documents/opencode/working/collective/task-010/logs/phase_c/lnc1_ws4/all_gather.log
trn2_3xl,all_gather,1,4,4,32768,256.591,0.511,0.383,,/Users/jburtoft/Documents/opencode/working/collective/task-010/logs/phase_c/lnc1_ws4/all_gather.log
trn2_3xl,all_gather,1,4,4,65536,651.41,0.402,0.302,,/Users/jburtoft/Documents/opencode/working/collective/task-010/logs/phase_c/lnc1_ws4/all_gather.log
trn2_3xl,all_gather,1,4,4,131072,431.195,1.216,0.912,,/Users/jburtoft/Documents/opencode/working/collective/task-010/logs/phase_c/lnc1_ws4/all_gather.log
trn2_3xl,all_gather,1,4,4,262144,517.342,2.027,1.52,,/Users/jburtoft/Documents/opencode/working/collective/task-010/logs/phase_c/lnc1_ws4/all_gather.log
trn2_3xl,all_gather,1,4,4,524288,498.522,4.207,3.155,,/Users/jburtoft/Documents/opencode/working/collective/task-010/logs/phase_c/lnc1_ws4/all_gather.log
trn2_3xl,all_gather,1,4,4,1048576,540.411,7.761,5.821,,/Users/jburtoft/Documents/opencode/working/collective/task-010/logs/phase_c/lnc1_ws4/all_gather.log
trn2_3xl,all_gather,1,4,4,2097152,439.116,19.103,14.328,,/Users/jburtoft/Documents/opencode/working/collective/task-010/logs/phase_c/lnc1_ws4/all_gather.log
trn2_3xl,all_gather,1,4,4,4194304,497.928,33.694,25.271,,/Users/jburtoft/Documents/opencode/working/collective/task-010/logs/phase_c/lnc1_ws4/all_gather.log
trn2_3xl,all_gather,1,4,4,8388608,919.286,36.501,27.375,,/Users/jburtoft/Documents/opencode/working/collective/task-010/logs/phase_c/lnc1_ws4/all_gather.log
trn2_3xl,all_gather,1,4,4,16777216,1581.905,42.423,31.817,,/Users/jburtoft/Documents/opencode/working/collective/task-010/logs/phase_c/lnc1_ws4/all_gather.log
trn2_3xl,all_gather,1,4,4,33554432,2844.584,47.184,35.388,,/Users/jburtoft/Documents/opencode/working/collective/task-010/logs/phase_c/lnc1_ws4/all_gather.log
trn2_3xl,all_gather,1,4,4,67108864,5062.826,53.021,39.766,,/Users/jburtoft/Documents/opencode/working/collective/task-010/logs/phase_c/lnc1_ws4/all_gather.log
trn2_3xl,all_gather,1,4,4,134217728,9919.623,54.122,40.592,,/Users/jburtoft/Documents/opencode/working/collective/task-010/logs/phase_c/lnc1_ws4/all_gather.log
trn2_3xl,all_gather,1,4,4,268435456,24254.456,44.27,33.202,,/Users/jburtoft/Documents/opencode/working/collective/task-010/logs/phase_c/lnc1_ws4/all_gather.log
trn2_3xl,all_gather,1,4,4,536870912,48620.254,44.168,33.126,,/Users/jburtoft/Documents/opencode/working/collective/task-010/logs/phase_c/lnc1_ws4/all_gather.log
trn2_3xl,all_gather,1,4,4,1073741824,94466.417,45.466,34.099,,/Users/jburtoft/Documents/opencode/working/collective/task-010/logs/phase_c/lnc1_ws4/all_gather.log
trn2_3xl,all_reduce,1,4,4,32,531.996,0.0,0.0,,/Users/jburtoft/Documents/opencode/working/collective/task-010/logs/phase_c/lnc1_ws4/all_reduce.log
trn2_3xl,all_reduce,1,4,4,64,307.501,0.0,0.0,,/Users/jburtoft/Documents/opencode/working/collective/task-010/logs/phase_c/lnc1_ws4/all_reduce.log
trn2_3xl,all_reduce,1,4,4,128,289.431,0.001,0.001,,/Users/jburtoft/Documents/opencode/working/collective/task-010/logs/phase_c/lnc1_ws4/all_reduce.log
trn2_3xl,all_reduce,1,4,4,256,437.2,0.001,0.001,,/Users/jburtoft/Documents/opencode/working/collective/task-010/logs/phase_c/lnc1_ws4/all_reduce.log
trn2_3xl,all_reduce,1,4,4,512,278.407,0.004,0.003,,/Users/jburtoft/Documents/opencode/working/collective/task-010/logs/phase_c/lnc1_ws4/all_reduce.log
trn2_3xl,all_reduce,1,4,4,1024,328.451,0.006,0.005,,/Users/jburtoft/Documents/opencode/working/collective/task-010/logs/phase_c/lnc1_ws4/all_reduce.log
trn2_3xl,all_reduce,1,4,4,2048,309.074,0.013,0.01,,/Users/jburtoft/Documents/opencode/working/collective/task-010/logs/phase_c/lnc1_ws4/all_reduce.log
trn2_3xl,all_reduce,1,4,4,4096,572.467,0.014,0.011,,/Users/jburtoft/Documents/opencode/working/collective/task-010/logs/phase_c/lnc1_ws4/all_reduce.log
trn2_3xl,all_reduce,1,4,4,8192,320.968,0.051,0.038,,/Users/jburtoft/Documents/opencode/working/collective/task-010/logs/phase_c/lnc1_ws4/all_reduce.log
trn2_3xl,all_reduce,1,4,4,16384,537.198,0.061,0.046,,/Users/jburtoft/Documents/opencode/working/collective/task-010/logs/phase_c/lnc1_ws4/all_reduce.log
trn2_3xl,all_reduce,1,4,4,32768,364.712,0.18,0.135,,/Users/jburtoft/Documents/opencode/working/collective/task-010/logs/phase_c/lnc1_ws4/all_reduce.log
trn2_3xl,all_reduce,1,4,4,65536,497.658,0.263,0.198,,/Users/jburtoft/Documents/opencode/working/collective/task-010/logs/phase_c/lnc1_ws4/all_reduce.log
trn2_3xl,all_reduce,1,4,4,131072,544.39,0.482,0.361,,/Users/jburtoft/Documents/opencode/working/collective/task-010/logs/phase_c/lnc1_ws4/all_reduce.log
trn2_3xl,all_reduce,1,4,4,262144,425.391,1.232,0.924,,/Users/jburtoft/Documents/opencode/working/collective/task-010/logs/phase_c/lnc1_ws4/all_reduce.log
trn2_3xl,all_reduce,1,4,4,524288,343.56,3.052,2.289,,/Users/jburtoft/Documents/opencode/working/collective/task-010/logs/phase_c/lnc1_ws4/all_reduce.log
trn2_3xl,all_reduce,1,4,4,1048576,314.611,6.666,4.999,,/Users/jburtoft/Documents/opencode/working/collective/task-010/logs/phase_c/lnc1_ws4/all_reduce.log
trn2_3xl,all_reduce,1,4,4,2097152,490.94,8.543,6.408,,/Users/jburtoft/Documents/opencode/working/collective/task-010/logs/phase_c/lnc1_ws4/all_reduce.log
trn2_3xl,all_reduce,1,4,4,4194304,400.538,20.943,15.708,,/Users/jburtoft/Documents/opencode/working/collective/task-010/logs/phase_c/lnc1_ws4/all_reduce.log
trn2_3xl,all_reduce,1,4,4,8388608,633.285,26.492,19.869,,/Users/jburtoft/Documents/opencode/working/collective/task-010/logs/phase_c/lnc1_ws4/all_reduce.log
trn2_3xl,all_reduce,1,4,4,16777216,841.854,39.858,29.893,,/Users/jburtoft/Documents/opencode/working/collective/task-010/logs/phase_c/lnc1_ws4/all_reduce.log
trn2_3xl,all_reduce,1,4,4,33554432,1575.123,42.605,31.954,,/Users/jburtoft/Documents/opencode/working/collective/task-010/logs/phase_c/lnc1_ws4/all_reduce.log
trn2_3xl,all_reduce,1,4,4,67108864,2896.648,46.336,34.752,,/Users/jburtoft/Documents/opencode/working/collective/task-010/logs/phase_c/lnc1_ws4/all_reduce.log
trn2_3xl,all_reduce,1,4,4,134217728,5210.461,51.519,38.639,,/Users/jburtoft/Documents/opencode/working/collective/task-010/logs/phase_c/lnc1_ws4/all_reduce.log
trn2_3xl,all_reduce,1,4,4,268435456,10189.545,52.688,39.516,,/Users/jburtoft/Documents/opencode/working/collective/task-010/logs/phase_c/lnc1_ws4/all_reduce.log
trn2_3xl,all_reduce,1,4,4,536870912,20108.017,53.399,40.049,,/Users/jburtoft/Documents/opencode/working/collective/task-010/logs/phase_c/lnc1_ws4/all_reduce.log
trn2_3xl,all_reduce,1,4,4,1073741824,39789.801,53.971,40.478,,/Users/jburtoft/Documents/opencode/working/collective/task-010/logs/phase_c/lnc1_ws4/all_reduce.log
trn2_3xl,alltoall,1,4,4,32,593.263,0.0,0.0,,/Users/jburtoft/Documents/opencode/working/collective/task-010/logs/phase_c/lnc1_ws4/all_to_all.log
trn2_3xl,alltoall,1,4,4,64,579.03,0.0,0.0,,/Users/jburtoft/Documents/opencode/working/collective/task-010/logs/phase_c/lnc1_ws4/all_to_all.log
trn2_3xl,alltoall,1,4,4,128,623.069,0.0,0.0,,/Users/jburtoft/Documents/opencode/working/collective/task-010/logs/phase_c/lnc1_ws4/all_to_all.log
trn2_3xl,alltoall,1,4,4,256,597.312,0.0,0.0,,/Users/jburtoft/Documents/opencode/working/collective/task-010/logs/phase_c/lnc1_ws4/all_to_all.log
trn2_3xl,alltoall,1,4,4,512,610.337,0.001,0.001,,/Users/jburtoft/Documents/opencode/working/collective/task-010/logs/phase_c/lnc1_ws4/all_to_all.log
trn2_3xl,alltoall,1,4,4,1024,605.818,0.002,0.001,,/Users/jburtoft/Documents/opencode/working/collective/task-010/logs/phase_c/lnc1_ws4/all_to_all.log
trn2_3xl,alltoall,1,4,4,2048,565.569,0.004,0.003,,/Users/jburtoft/Documents/opencode/working/collective/task-010/logs/phase_c/lnc1_ws4/all_to_all.log
trn2_3xl,alltoall,1,4,4,4096,609.395,0.007,0.005,,/Users/jburtoft/Documents/opencode/working/collective/task-010/logs/phase_c/lnc1_ws4/all_to_all.log
trn2_3xl,alltoall,1,4,4,8192,604.731,0.014,0.01,,/Users/jburtoft/Documents/opencode/working/collective/task-010/logs/phase_c/lnc1_ws4/all_to_all.log
trn2_3xl,alltoall,1,4,4,16384,554.81,0.03,0.022,,/Users/jburtoft/Documents/opencode/working/collective/task-010/logs/phase_c/lnc1_ws4/all_to_all.log
trn2_3xl,alltoall,1,4,4,32768,626.052,0.052,0.039,,/Users/jburtoft/Documents/opencode/working/collective/task-010/logs/phase_c/lnc1_ws4/all_to_all.log
trn2_3xl,alltoall,1,4,4,65536,583.808,0.112,0.084,,/Users/jburtoft/Documents/opencode/working/collective/task-010/logs/phase_c/lnc1_ws4/all_to_all.log
trn2_3xl,alltoall,1,4,4,131072,609.937,0.215,0.161,,/Users/jburtoft/Documents/opencode/working/collective/task-010/logs/phase_c/lnc1_ws4/all_to_all.log
trn2_3xl,alltoall,1,4,4,262144,604.368,0.434,0.325,,/Users/jburtoft/Documents/opencode/working/collective/task-010/logs/phase_c/lnc1_ws4/all_to_all.log
trn2_3xl,alltoall,1,4,4,524288,599.598,0.874,0.656,,/Users/jburtoft/Documents/opencode/working/collective/task-010/logs/phase_c/lnc1_ws4/all_to_all.log
trn2_3xl,alltoall,1,4,4,1048576,601.665,1.743,1.307,,/Users/jburtoft/Documents/opencode/working/collective/task-010/logs/phase_c/lnc1_ws4/all_to_all.log
trn2_3xl,alltoall,1,4,4,2097152,649.821,3.227,2.42,,/Users/jburtoft/Documents/opencode/working/collective/task-010/logs/phase_c/lnc1_ws4/all_to_all.log
trn2_3xl,alltoall,1,4,4,4194304,685.581,6.118,4.588,,/Users/jburtoft/Documents/opencode/working/collective/task-010/logs/phase_c/lnc1_ws4/all_to_all.log
trn2_3xl,alltoall,1,4,4,8388608,757.339,11.076,8.307,,/Users/jburtoft/Documents/opencode/working/collective/task-010/logs/phase_c/lnc1_ws4/all_to_all.log
trn2_3xl,alltoall,1,4,4,16777216,928.652,18.066,13.55,,/Users/jburtoft/Documents/opencode/working/collective/task-010/logs/phase_c/lnc1_ws4/all_to_all.log
trn2_3xl,alltoall,1,4,4,33554432,1867.341,17.969,13.477,,/Users/jburtoft/Documents/opencode/working/collective/task-010/logs/phase_c/lnc1_ws4/all_to_all.log
trn2_3xl,alltoall,1,4,4,67108864,3129.814,21.442,16.081,,/Users/jburtoft/Documents/opencode/working/collective/task-010/logs/phase_c/lnc1_ws4/all_to_all.log
trn2_3xl,alltoall,1,4,4,134217728,5791.669,23.174,17.381,,/Users/jburtoft/Documents/opencode/working/collective/task-010/logs/phase_c/lnc1_ws4/all_to_all.log
trn2_3xl,alltoall,1,4,4,268435456,10898.886,24.63,18.472,,/Users/jburtoft/Documents/opencode/working/collective/task-010/logs/phase_c/lnc1_ws4/all_to_all.log
trn2_3xl,alltoall,1,4,4,536870912,22721.403,23.628,17.721,,/Users/jburtoft/Documents/opencode/working/collective/task-010/logs/phase_c/lnc1_ws4/all_to_all.log
trn2_3xl,alltoall,1,4,4,1073741824,50645.46,21.201,15.901,,/Users/jburtoft/Documents/opencode/working/collective/task-010/logs/phase_c/lnc1_ws4/all_to_all.log
trn2_3xl,broadcast,1,4,4,32,381.252,0.0,0.0,,/Users/jburtoft/Documents/opencode/working/collective/task-010/logs/phase_c/lnc1_ws4/broadcast.log
trn2_3xl,broadcast,1,4,4,64,497.479,0.0,0.0,,/Users/jburtoft/Documents/opencode/working/collective/task-010/logs/phase_c/lnc1_ws4/broadcast.log
trn2_3xl,broadcast,1,4,4,128,338.247,0.0,0.0,,/Users/jburtoft/Documents/opencode/working/collective/task-010/logs/phase_c/lnc1_ws4/broadcast.log
trn2_3xl,broadcast,1,4,4,256,431.877,0.001,0.001,,/Users/jburtoft/Documents/opencode/working/collective/task-010/logs/phase_c/lnc1_ws4/broadcast.log
trn2_3xl,broadcast,1,4,4,512,447.337,0.001,0.001,,/Users/jburtoft/Documents/opencode/working/collective/task-010/logs/phase_c/lnc1_ws4/broadcast.log
trn2_3xl,broadcast,1,4,4,1024,356.553,0.003,0.003,,/Users/jburtoft/Documents/opencode/working/collective/task-010/logs/phase_c/lnc1_ws4/broadcast.log
trn2_3xl,broadcast,1,4,4,2048,464.275,0.004,0.004,,/Users/jburtoft/Documents/opencode/working/collective/task-010/logs/phase_c/lnc1_ws4/broadcast.log
trn2_3xl,broadcast,1,4,4,4096,440.304,0.009,0.009,,/Users/jburtoft/Documents/opencode/working/collective/task-010/logs/phase_c/lnc1_ws4/broadcast.log
trn2_3xl,broadcast,1,4,4,8192,445.845,0.018,0.018,,/Users/jburtoft/Documents/opencode/working/collective/task-010/logs/phase_c/lnc1_ws4/broadcast.log
trn2_3xl,broadcast,1,4,4,16384,445.044,0.037,0.037,,/Users/jburtoft/Documents/opencode/working/collective/task-010/logs/phase_c/lnc1_ws4/broadcast.log
trn2_3xl,broadcast,1,4,4,32768,481.713,0.068,0.068,,/Users/jburtoft/Documents/opencode/working/collective/task-010/logs/phase_c/lnc1_ws4/broadcast.log
trn2_3xl,broadcast,1,4,4,65536,389.708,0.168,0.168,,/Users/jburtoft/Documents/opencode/working/collective/task-010/logs/phase_c/lnc1_ws4/broadcast.log
trn2_3xl,broadcast,1,4,4,131072,359.939,0.364,0.364,,/Users/jburtoft/Documents/opencode/working/collective/task-010/logs/phase_c/lnc1_ws4/broadcast.log
trn2_3xl,broadcast,1,4,4,262144,354.176,0.74,0.74,,/Users/jburtoft/Documents/opencode/working/collective/task-010/logs/phase_c/lnc1_ws4/broadcast.log
trn2_3xl,broadcast,1,4,4,524288,407.523,1.287,1.287,,/Users/jburtoft/Documents/opencode/working/collective/task-010/logs/phase_c/lnc1_ws4/broadcast.log
trn2_3xl,broadcast,1,4,4,1048576,389.557,2.692,2.692,,/Users/jburtoft/Documents/opencode/working/collective/task-010/logs/phase_c/lnc1_ws4/broadcast.log
trn2_3xl,broadcast,1,4,4,2097152,456.954,4.589,4.589,,/Users/jburtoft/Documents/opencode/working/collective/task-010/logs/phase_c/lnc1_ws4/broadcast.log
trn2_3xl,broadcast,1,4,4,4194304,463.067,9.058,9.058,,/Users/jburtoft/Documents/opencode/working/collective/task-010/logs/phase_c/lnc1_ws4/broadcast.log
trn2_3xl,broadcast,1,4,4,8388608,685.963,12.229,12.229,,/Users/jburtoft/Documents/opencode/working/collective/task-010/logs/phase_c/lnc1_ws4/broadcast.log
trn2_3xl,broadcast,1,4,4,16777216,1041.167,16.114,16.114,,/Users/jburtoft/Documents/opencode/working/collective/task-010/logs/phase_c/lnc1_ws4/broadcast.log
trn2_3xl,broadcast,1,4,4,33554432,1668.804,20.107,20.107,,/Users/jburtoft/Documents/opencode/working/collective/task-010/logs/phase_c/lnc1_ws4/broadcast.log
trn2_3xl,broadcast,1,4,4,67108864,2958.05,22.687,22.687,,/Users/jburtoft/Documents/opencode/working/collective/task-010/logs/phase_c/lnc1_ws4/broadcast.log
trn2_3xl,broadcast,1,4,4,134217728,5580.505,24.051,24.051,,/Users/jburtoft/Documents/opencode/working/collective/task-010/logs/phase_c/lnc1_ws4/broadcast.log
trn2_3xl,broadcast,1,4,4,268435456,10893.318,24.642,24.642,,/Users/jburtoft/Documents/opencode/working/collective/task-010/logs/phase_c/lnc1_ws4/broadcast.log
trn2_3xl,broadcast,1,4,4,536870912,21559.018,24.902,24.902,,/Users/jburtoft/Documents/opencode/working/collective/task-010/logs/phase_c/lnc1_ws4/broadcast.log
trn2_3xl,broadcast,1,4,4,1073741824,42810.994,25.081,25.081,,/Users/jburtoft/Documents/opencode/working/collective/task-010/logs/phase_c/lnc1_ws4/broadcast.log
trn2_3xl,reduce_scatter,1,4,4,64,372.674,0.0,0.0,,/Users/jburtoft/Documents/opencode/working/collective/task-010/logs/phase_c/lnc1_ws4/reduce_scatter.log
trn2_3xl,reduce_scatter,1,4,4,128,544.754,0.0,0.0,,/Users/jburtoft/Documents/opencode/working/collective/task-010/logs/phase_c/lnc1_ws4/reduce_scatter.log
trn2_3xl,reduce_scatter,1,4,4,256,611.002,0.0,0.0,,/Users/jburtoft/Documents/opencode/working/collective/task-010/logs/phase_c/lnc1_ws4/reduce_scatter.log
trn2_3xl,reduce_scatter,1,4,4,512,286.925,0.002,0.001,,/Users/jburtoft/Documents/opencode/working/collective/task-010/logs/phase_c/lnc1_ws4/reduce_scatter.log
trn2_3xl,reduce_scatter,1,4,4,1024,478.331,0.002,0.002,,/Users/jburtoft/Documents/opencode/working/collective/task-010/logs/phase_c/lnc1_ws4/reduce_scatter.log
trn2_3xl,reduce_scatter,1,4,4,2048,260.84,0.008,0.006,,/Users/jburtoft/Documents/opencode/working/collective/task-010/logs/phase_c/lnc1_ws4/reduce_scatter.log
trn2_3xl,reduce_scatter,1,4,4,4096,338.855,0.012,0.009,,/Users/jburtoft/Documents/opencode/working/collective/task-010/logs/phase_c/lnc1_ws4/reduce_scatter.log
trn2_3xl,reduce_scatter,1,4,4,8192,502.398,0.016,0.012,,/Users/jburtoft/Documents/opencode/working/collective/task-010/logs/phase_c/lnc1_ws4/reduce_scatter.log
trn2_3xl,reduce_scatter,1,4,4,16384,358.458,0.046,0.034,,/Users/jburtoft/Documents/opencode/working/collective/task-010/logs/phase_c/lnc1_ws4/reduce_scatter.log
trn2_3xl,reduce_scatter,1,4,4,32768,527.888,0.062,0.047,,/Users/jburtoft/Documents/opencode/working/collective/task-010/logs/phase_c/lnc1_ws4/reduce_scatter.log
trn2_3xl,reduce_scatter,1,4,4,65536,319.73,0.205,0.154,,/Users/jburtoft/Documents/opencode/working/collective/task-010/logs/phase_c/lnc1_ws4/reduce_scatter.log
trn2_3xl,reduce_scatter,1,4,4,131072,496.617,0.264,0.198,,/Users/jburtoft/Documents/opencode/working/collective/task-010/logs/phase_c/lnc1_ws4/reduce_scatter.log
trn2_3xl,reduce_scatter,1,4,4,262144,473.521,0.554,0.415,,/Users/jburtoft/Documents/opencode/working/collective/task-010/logs/phase_c/lnc1_ws4/reduce_scatter.log
trn2_3xl,reduce_scatter,1,4,4,524288,403.004,1.301,0.976,,/Users/jburtoft/Documents/opencode/working/collective/task-010/logs/phase_c/lnc1_ws4/reduce_scatter.log
trn2_3xl,reduce_scatter,1,4,4,1048576,424.711,2.469,1.852,,/Users/jburtoft/Documents/opencode/working/collective/task-010/logs/phase_c/lnc1_ws4/reduce_scatter.log
trn2_3xl,reduce_scatter,1,4,4,2097152,561.887,3.732,2.799,,/Users/jburtoft/Documents/opencode/working/collective/task-010/logs/phase_c/lnc1_ws4/reduce_scatter.log
trn2_3xl,reduce_scatter,1,4,4,4194304,496.669,8.445,6.334,,/Users/jburtoft/Documents/opencode/working/collective/task-010/logs/phase_c/lnc1_ws4/reduce_scatter.log
trn2_3xl,reduce_scatter,1,4,4,8388608,418.017,20.068,15.051,,/Users/jburtoft/Documents/opencode/working/collective/task-010/logs/phase_c/lnc1_ws4/reduce_scatter.log
trn2_3xl,reduce_scatter,1,4,4,16777216,593.502,28.268,21.201,,/Users/jburtoft/Documents/opencode/working/collective/task-010/logs/phase_c/lnc1_ws4/reduce_scatter.log
trn2_3xl,reduce_scatter,1,4,4,33554432,841.631,39.868,29.901,,/Users/jburtoft/Documents/opencode/working/collective/task-010/logs/phase_c/lnc1_ws4/reduce_scatter.log
trn2_3xl,reduce_scatter,1,4,4,67108864,1542.36,43.511,32.633,,/Users/jburtoft/Documents/opencode/working/collective/task-010/logs/phase_c/lnc1_ws4/reduce_scatter.log
trn2_3xl,reduce_scatter,1,4,4,134217728,2858.074,46.961,35.221,,/Users/jburtoft/Documents/opencode/working/collective/task-010/logs/phase_c/lnc1_ws4/reduce_scatter.log
trn2_3xl,reduce_scatter,1,4,4,268435456,5484.758,48.942,36.707,,/Users/jburtoft/Documents/opencode/working/collective/task-010/logs/phase_c/lnc1_ws4/reduce_scatter.log
trn2_3xl,reduce_scatter,1,4,4,536870912,13630.253,39.388,29.541,,/Users/jburtoft/Documents/opencode/working/collective/task-010/logs/phase_c/lnc1_ws4/reduce_scatter.log
trn2_3xl,reduce_scatter,1,4,4,1073741824,35555.632,30.199,22.649,,/Users/jburtoft/Documents/opencode/working/collective/task-010/logs/phase_c/lnc1_ws4/reduce_scatter.log
trn2_3xl,reduce_scatter,1,4,4,2147483648,71246.571,30.142,22.606,,/Users/jburtoft/Documents/opencode/working/collective/task-010/logs/phase_c/lnc1_ws4/reduce_scatter.log
trn2_3xl,all_gather,1,8,8,64,1544.214,0.0,0.0,,/Users/jburtoft/Documents/opencode/working/collective/task-010/logs/phase_c/lnc1_ws8/all_gather.log
trn2_3xl,all_gather,1,8,8,128,1305.188,0.001,0.001,,/Users/jburtoft/Documents/opencode/working/collective/task-010/logs/phase_c/lnc1_ws8/all_gather.log
trn2_3xl,all_gather,1,8,8,256,1579.66,0.001,0.001,,/Users/jburtoft/Documents/opencode/working/collective/task-010/logs/phase_c/lnc1_ws8/all_gather.log
trn2_3xl,all_gather,1,8,8,512,1672.592,0.002,0.002,,/Users/jburtoft/Documents/opencode/working/collective/task-010/logs/phase_c/lnc1_ws8/all_gather.log
trn2_3xl,all_gather,1,8,8,1024,1471.732,0.006,0.005,,/Users/jburtoft/Documents/opencode/working/collective/task-010/logs/phase_c/lnc1_ws8/all_gather.log
trn2_3xl,all_gather,1,8,8,2048,1677.525,0.01,0.009,,/Users/jburtoft/Documents/opencode/working/collective/task-010/logs/phase_c/lnc1_ws8/all_gather.log
trn2_3xl,all_gather,1,8,8,4096,1732.325,0.019,0.017,,/Users/jburtoft/Documents/opencode/working/collective/task-010/logs/phase_c/lnc1_ws8/all_gather.log
trn2_3xl,all_gather,1,8,8,8192,1776.782,0.037,0.032,,/Users/jburtoft/Documents/opencode/working/collective/task-010/logs/phase_c/lnc1_ws8/all_gather.log
trn2_3xl,all_gather,1,8,8,16384,1924.593,0.068,0.06,,/Users/jburtoft/Documents/opencode/working/collective/task-010/logs/phase_c/lnc1_ws8/all_gather.log
trn2_3xl,all_gather,1,8,8,32768,1983.583,0.132,0.116,,/Users/jburtoft/Documents/opencode/working/collective/task-010/logs/phase_c/lnc1_ws8/all_gather.log
trn2_3xl,all_gather,1,8,8,65536,1942.478,0.27,0.236,,/Users/jburtoft/Documents/opencode/working/collective/task-010/logs/phase_c/lnc1_ws8/all_gather.log
trn2_3xl,all_gather,1,8,8,131072,2035.882,0.515,0.451,,/Users/jburtoft/Documents/opencode/working/collective/task-010/logs/phase_c/lnc1_ws8/all_gather.log
trn2_3xl,all_gather,1,8,8,262144,2050.043,1.023,0.895,,/Users/jburtoft/Documents/opencode/working/collective/task-010/logs/phase_c/lnc1_ws8/all_gather.log
trn2_3xl,all_gather,1,8,8,524288,2291.086,1.831,1.602,,/Users/jburtoft/Documents/opencode/working/collective/task-010/logs/phase_c/lnc1_ws8/all_gather.log
trn2_3xl,all_gather,1,8,8,1048576,1901.757,4.411,3.86,,/Users/jburtoft/Documents/opencode/working/collective/task-010/logs/phase_c/lnc1_ws8/all_gather.log
trn2_3xl,all_gather,1,8,8,2097152,2055.286,8.163,7.143,,/Users/jburtoft/Documents/opencode/working/collective/task-010/logs/phase_c/lnc1_ws8/all_gather.log
trn2_3xl,all_gather,1,8,8,4194304,2169.808,15.464,13.531,,/Users/jburtoft/Documents/opencode/working/collective/task-010/logs/phase_c/lnc1_ws8/all_gather.log
trn2_3xl,all_gather,1,8,8,8388608,2495.243,26.895,23.533,,/Users/jburtoft/Documents/opencode/working/collective/task-010/logs/phase_c/lnc1_ws8/all_gather.log
trn2_3xl,all_gather,1,8,8,16777216,3453.19,38.868,34.009,,/Users/jburtoft/Documents/opencode/working/collective/task-010/logs/phase_c/lnc1_ws8/all_gather.log
trn2_3xl,all_gather,1,8,8,33554432,5873.092,45.706,39.993,,/Users/jburtoft/Documents/opencode/working/collective/task-010/logs/phase_c/lnc1_ws8/all_gather.log
trn2_3xl,all_gather,1,8,8,67108864,12365.847,43.416,37.989,,/Users/jburtoft/Documents/opencode/working/collective/task-010/logs/phase_c/lnc1_ws8/all_gather.log
trn2_3xl,all_gather,1,8,8,134217728,24715.656,43.444,38.013,,/Users/jburtoft/Documents/opencode/working/collective/task-010/logs/phase_c/lnc1_ws8/all_gather.log
trn2_3xl,all_gather,1,8,8,268435456,49557.202,43.333,37.917,,/Users/jburtoft/Documents/opencode/working/collective/task-010/logs/phase_c/lnc1_ws8/all_gather.log
trn2_3xl,all_gather,1,8,8,536870912,100090.112,42.911,37.547,,/Users/jburtoft/Documents/opencode/working/collective/task-010/logs/phase_c/lnc1_ws8/all_gather.log
trn2_3xl,all_reduce,1,8,8,64,2067.173,0.0,0.0,,/Users/jburtoft/Documents/opencode/working/collective/task-010/logs/phase_c/lnc1_ws8/all_reduce.log
trn2_3xl,all_reduce,1,8,8,128,1559.834,0.0,0.0,,/Users/jburtoft/Documents/opencode/working/collective/task-010/logs/phase_c/lnc1_ws8/all_reduce.log
trn2_3xl,all_reduce,1,8,8,256,1629.976,0.0,0.0,,/Users/jburtoft/Documents/opencode/working/collective/task-010/logs/phase_c/lnc1_ws8/all_reduce.log
trn2_3xl,all_reduce,1,8,8,512,1637.782,0.001,0.001,,/Users/jburtoft/Documents/opencode/working/collective/task-010/logs/phase_c/lnc1_ws8/all_reduce.log
trn2_3xl,all_reduce,1,8,8,1024,1699.075,0.001,0.001,,/Users/jburtoft/Documents/opencode/working/collective/task-010/logs/phase_c/lnc1_ws8/all_reduce.log
trn2_3xl,all_reduce,1,8,8,2048,1736.868,0.002,0.002,,/Users/jburtoft/Documents/opencode/working/collective/task-010/logs/phase_c/lnc1_ws8/all_reduce.log
trn2_3xl,all_reduce,1,8,8,4096,1732.659,0.005,0.004,,/Users/jburtoft/Documents/opencode/working/collective/task-010/logs/phase_c/lnc1_ws8/all_reduce.log
trn2_3xl,all_reduce,1,8,8,8192,1742.341,0.009,0.008,,/Users/jburtoft/Documents/opencode/working/collective/task-010/logs/phase_c/lnc1_ws8/all_reduce.log
trn2_3xl,all_reduce,1,8,8,16384,1849.303,0.018,0.016,,/Users/jburtoft/Documents/opencode/working/collective/task-010/logs/phase_c/lnc1_ws8/all_reduce.log
trn2_3xl,all_reduce,1,8,8,32768,2129.609,0.031,0.027,,/Users/jburtoft/Documents/opencode/working/collective/task-010/logs/phase_c/lnc1_ws8/all_reduce.log
trn2_3xl,all_reduce,1,8,8,65536,1949.276,0.067,0.059,,/Users/jburtoft/Documents/opencode/working/collective/task-010/logs/phase_c/lnc1_ws8/all_reduce.log
trn2_3xl,all_reduce,1,8,8,131072,1819.13,0.144,0.126,,/Users/jburtoft/Documents/opencode/working/collective/task-010/logs/phase_c/lnc1_ws8/all_reduce.log
trn2_3xl,all_reduce,1,8,8,262144,1620.394,0.324,0.283,,/Users/jburtoft/Documents/opencode/working/collective/task-010/logs/phase_c/lnc1_ws8/all_reduce.log
trn2_3xl,all_reduce,1,8,8,524288,1893.406,0.554,0.485,,/Users/jburtoft/Documents/opencode/working/collective/task-010/logs/phase_c/lnc1_ws8/all_reduce.log
trn2_3xl,all_reduce,1,8,8,1048576,2061.415,1.017,0.89,,/Users/jburtoft/Documents/opencode/working/collective/task-010/logs/phase_c/lnc1_ws8/all_reduce.log
trn2_3xl,all_reduce,1,8,8,2097152,2031.838,2.064,1.806,,/Users/jburtoft/Documents/opencode/working/collective/task-010/logs/phase_c/lnc1_ws8/all_reduce.log
trn2_3xl,all_reduce,1,8,8,4194304,1876.868,4.469,3.911,,/Users/jburtoft/Documents/opencode/working/collective/task-010/logs/phase_c/lnc1_ws8/all_reduce.log
trn2_3xl,all_reduce,1,8,8,8388608,2089.114,8.031,7.027,,/Users/jburtoft/Documents/opencode/working/collective/task-010/logs/phase_c/lnc1_ws8/all_reduce.log
trn2_3xl,all_reduce,1,8,8,16777216,2017.826,16.629,14.55,,/Users/jburtoft/Documents/opencode/working/collective/task-010/logs/phase_c/lnc1_ws8/all_reduce.log
trn2_3xl,all_reduce,1,8,8,33554432,2487.15,26.982,23.609,,/Users/jburtoft/Documents/opencode/working/collective/task-010/logs/phase_c/lnc1_ws8/all_reduce.log
trn2_3xl,all_reduce,1,8,8,67108864,3286.539,40.839,35.734,,/Users/jburtoft/Documents/opencode/working/collective/task-010/logs/phase_c/lnc1_ws8/all_reduce.log
trn2_3xl,all_reduce,1,8,8,134217728,4901.052,54.771,47.925,,/Users/jburtoft/Documents/opencode/working/collective/task-010/logs/phase_c/lnc1_ws8/all_reduce.log
trn2_3xl,all_reduce,1,8,8,268435456,8001.666,67.095,58.708,,/Users/jburtoft/Documents/opencode/working/collective/task-010/logs/phase_c/lnc1_ws8/all_reduce.log
trn2_3xl,all_reduce,1,8,8,536870912,15577.836,68.928,60.312,,/Users/jburtoft/Documents/opencode/working/collective/task-010/logs/phase_c/lnc1_ws8/all_reduce.log
trn2_3xl,all_reduce,1,8,8,1073741824,29608.077,72.53,63.464,,/Users/jburtoft/Documents/opencode/working/collective/task-010/logs/phase_c/lnc1_ws8/all_reduce.log
trn2_3xl,alltoall,1,8,8,64,2341.666,0.0,0.0,,/Users/jburtoft/Documents/opencode/working/collective/task-010/logs/phase_c/lnc1_ws8/all_to_all.log
trn2_3xl,alltoall,1,8,8,128,2845.197,0.0,0.0,,/Users/jburtoft/Documents/opencode/working/collective/task-010/logs/phase_c/lnc1_ws8/all_to_all.log
trn2_3xl,alltoall,1,8,8,256,2839.34,0.0,0.0,,/Users/jburtoft/Documents/opencode/working/collective/task-010/logs/phase_c/lnc1_ws8/all_to_all.log
trn2_3xl,alltoall,1,8,8,512,2744.169,0.0,0.0,,/Users/jburtoft/Documents/opencode/working/collective/task-010/logs/phase_c/lnc1_ws8/all_to_all.log
trn2_3xl,alltoall,1,8,8,1024,2975.615,0.0,0.0,,/Users/jburtoft/Documents/opencode/working/collective/task-010/logs/phase_c/lnc1_ws8/all_to_all.log
trn2_3xl,alltoall,1,8,8,2048,2899.845,0.001,0.001,,/Users/jburtoft/Documents/opencode/working/collective/task-010/logs/phase_c/lnc1_ws8/all_to_all.log
trn2_3xl,alltoall,1,8,8,4096,2830.717,0.001,0.001,,/Users/jburtoft/Documents/opencode/working/collective/task-010/logs/phase_c/lnc1_ws8/all_to_all.log
trn2_3xl,alltoall,1,8,8,8192,3303.552,0.002,0.002,,/Users/jburtoft/Documents/opencode/working/collective/task-010/logs/phase_c/lnc1_ws8/all_to_all.log
trn2_3xl,alltoall,1,8,8,16384,3078.224,0.005,0.005,,/Users/jburtoft/Documents/opencode/working/collective/task-010/logs/phase_c/lnc1_ws8/all_to_all.log
trn2_3xl,alltoall,1,8,8,32768,3092.143,0.011,0.009,,/Users/jburtoft/Documents/opencode/working/collective/task-010/logs/phase_c/lnc1_ws8/all_to_all.log
trn2_3xl,alltoall,1,8,8,65536,2962.181,0.022,0.019,,/Users/jburtoft/Documents/opencode/working/collective/task-010/logs/phase_c/lnc1_ws8/all_to_all.log
trn2_3xl,alltoall,1,8,8,131072,2932.502,0.045,0.039,,/Users/jburtoft/Documents/opencode/working/collective/task-010/logs/phase_c/lnc1_ws8/all_to_all.log
trn2_3xl,alltoall,1,8,8,262144,3089.144,0.085,0.074,,/Users/jburtoft/Documents/opencode/working/collective/task-010/logs/phase_c/lnc1_ws8/all_to_all.log
trn2_3xl,alltoall,1,8,8,524288,3435.556,0.153,0.134,,/Users/jburtoft/Documents/opencode/working/collective/task-010/logs/phase_c/lnc1_ws8/all_to_all.log
trn2_3xl,alltoall,1,8,8,1048576,3176.281,0.33,0.289,,/Users/jburtoft/Documents/opencode/working/collective/task-010/logs/phase_c/lnc1_ws8/all_to_all.log
trn2_3xl,alltoall,1,8,8,2097152,3055.921,0.686,0.6,,/Users/jburtoft/Documents/opencode/working/collective/task-010/logs/phase_c/lnc1_ws8/all_to_all.log
trn2_3xl,alltoall,1,8,8,4194304,3295.385,1.273,1.114,,/Users/jburtoft/Documents/opencode/working/collective/task-010/logs/phase_c/lnc1_ws8/all_to_all.log
trn2_3xl,alltoall,1,8,8,8388608,3196.971,2.624,2.296,,/Users/jburtoft/Documents/opencode/working/collective/task-010/logs/phase_c/lnc1_ws8/all_to_all.log
trn2_3xl,alltoall,1,8,8,16777216,3711.86,4.52,3.955,,/Users/jburtoft/Documents/opencode/working/collective/task-010/logs/phase_c/lnc1_ws8/all_to_all.log
trn2_3xl,alltoall,1,8,8,33554432,3739.333,8.973,7.852,,/Users/jburtoft/Documents/opencode/working/collective/task-010/logs/phase_c/lnc1_ws8/all_to_all.log
trn2_3xl,alltoall,1,8,8,67108864,4784.142,14.027,12.274,,/Users/jburtoft/Documents/opencode/working/collective/task-010/logs/phase_c/lnc1_ws8/all_to_all.log
trn2_3xl,alltoall,1,8,8,134217728,7322.526,18.329,16.038,,/Users/jburtoft/Documents/opencode/working/collective/task-010/logs/phase_c/lnc1_ws8/all_to_all.log
trn2_3xl,alltoall,1,8,8,268435456,11570.861,23.199,20.299,,/Users/jburtoft/Documents/opencode/working/collective/task-010/logs/phase_c/lnc1_ws8/all_to_all.log
trn2_3xl,alltoall,1,8,8,536870912,19523.722,27.498,24.061,,/Users/jburtoft/Documents/opencode/working/collective/task-010/logs/phase_c/lnc1_ws8/all_to_all.log
trn2_3xl,alltoall,1,8,8,1073741824,36730.144,29.233,25.579,,/Users/jburtoft/Documents/opencode/working/collective/task-010/logs/phase_c/lnc1_ws8/all_to_all.log
trn2_3xl,broadcast,1,8,8,64,1633.245,0.0,0.0,,/Users/jburtoft/Documents/opencode/working/collective/task-010/logs/phase_c/lnc1_ws8/broadcast.log
trn2_3xl,broadcast,1,8,8,128,1863.615,0.0,0.0,,/Users/jburtoft/Documents/opencode/working/collective/task-010/logs/phase_c/lnc1_ws8/broadcast.log
trn2_3xl,broadcast,1,8,8,256,1893.775,0.0,0.0,,/Users/jburtoft/Documents/opencode/working/collective/task-010/logs/phase_c/lnc1_ws8/broadcast.log
trn2_3xl,broadcast,1,8,8,512,1956.691,0.0,0.0,,/Users/jburtoft/Documents/opencode/working/collective/task-010/logs/phase_c/lnc1_ws8/broadcast.log
trn2_3xl,broadcast,1,8,8,1024,1855.907,0.001,0.001,,/Users/jburtoft/Documents/opencode/working/collective/task-010/logs/phase_c/lnc1_ws8/broadcast.log
trn2_3xl,broadcast,1,8,8,2048,3182.286,0.001,0.001,,/Users/jburtoft/Documents/opencode/working/collective/task-010/logs/phase_c/lnc1_ws8/broadcast.log
trn2_3xl,broadcast,1,8,8,4096,2239.773,0.002,0.002,,/Users/jburtoft/Documents/opencode/working/collective/task-010/logs/phase_c/lnc1_ws8/broadcast.log
trn2_3xl,broadcast,1,8,8,8192,2212.005,0.004,0.004,,/Users/jburtoft/Documents/opencode/working/collective/task-010/logs/phase_c/lnc1_ws8/broadcast.log
trn2_3xl,broadcast,1,8,8,16384,2038.223,0.008,0.008,,/Users/jburtoft/Documents/opencode/working/collective/task-010/logs/phase_c/lnc1_ws8/broadcast.log
trn2_3xl,broadcast,1,8,8,32768,2406.104,0.014,0.014,,/Users/jburtoft/Documents/opencode/working/collective/task-010/logs/phase_c/lnc1_ws8/broadcast.log
trn2_3xl,broadcast,1,8,8,65536,1981.5,0.033,0.033,,/Users/jburtoft/Documents/opencode/working/collective/task-010/logs/phase_c/lnc1_ws8/broadcast.log
trn2_3xl,broadcast,1,8,8,131072,2425.734,0.054,0.054,,/Users/jburtoft/Documents/opencode/working/collective/task-010/logs/phase_c/lnc1_ws8/broadcast.log
trn2_3xl,broadcast,1,8,8,262144,2268.658,0.116,0.116,,/Users/jburtoft/Documents/opencode/working/collective/task-010/logs/phase_c/lnc1_ws8/broadcast.log
trn2_3xl,broadcast,1,8,8,524288,2203.182,0.238,0.238,,/Users/jburtoft/Documents/opencode/working/collective/task-010/logs/phase_c/lnc1_ws8/broadcast.log
trn2_3xl,broadcast,1,8,8,1048576,2336.522,0.449,0.449,,/Users/jburtoft/Documents/opencode/working/collective/task-010/logs/phase_c/lnc1_ws8/broadcast.log
trn2_3xl,broadcast,1,8,8,2097152,2261.927,0.927,0.927,,/Users/jburtoft/Documents/opencode/working/collective/task-010/logs/phase_c/lnc1_ws8/broadcast.log
trn2_3xl,broadcast,1,8,8,4194304,2209.335,1.898,1.898,,/Users/jburtoft/Documents/opencode/working/collective/task-010/logs/phase_c/lnc1_ws8/broadcast.log
trn2_3xl,broadcast,1,8,8,8388608,2582.989,3.248,3.248,,/Users/jburtoft/Documents/opencode/working/collective/task-010/logs/phase_c/lnc1_ws8/broadcast.log
trn2_3xl,broadcast,1,8,8,16777216,2670.638,6.282,6.282,,/Users/jburtoft/Documents/opencode/working/collective/task-010/logs/phase_c/lnc1_ws8/broadcast.log
trn2_3xl,broadcast,1,8,8,33554432,3260.52,10.291,10.291,,/Users/jburtoft/Documents/opencode/working/collective/task-010/logs/phase_c/lnc1_ws8/broadcast.log
trn2_3xl,broadcast,1,8,8,67108864,4492.259,14.939,14.939,,/Users/jburtoft/Documents/opencode/working/collective/task-010/logs/phase_c/lnc1_ws8/broadcast.log
trn2_3xl,broadcast,1,8,8,134217728,6004.364,22.353,22.353,,/Users/jburtoft/Documents/opencode/working/collective/task-010/logs/phase_c/lnc1_ws8/broadcast.log
trn2_3xl,broadcast,1,8,8,268435456,9994.209,26.859,26.859,,/Users/jburtoft/Documents/opencode/working/collective/task-010/logs/phase_c/lnc1_ws8/broadcast.log
trn2_3xl,broadcast,1,8,8,536870912,17301.847,31.03,31.03,,/Users/jburtoft/Documents/opencode/working/collective/task-010/logs/phase_c/lnc1_ws8/broadcast.log
trn2_3xl,broadcast,1,8,8,1073741824,32515.197,33.023,33.023,,/Users/jburtoft/Documents/opencode/working/collective/task-010/logs/phase_c/lnc1_ws8/broadcast.log
trn2_3xl,reduce_scatter,1,8,8,256,1540.394,0.0,0.0,,/Users/jburtoft/Documents/opencode/working/collective/task-010/logs/phase_c/lnc1_ws8/reduce_scatter.log
trn2_3xl,reduce_scatter,1,8,8,512,1516.219,0.0,0.0,,/Users/jburtoft/Documents/opencode/working/collective/task-010/logs/phase_c/lnc1_ws8/reduce_scatter.log
trn2_3xl,reduce_scatter,1,8,8,1024,1411.031,0.001,0.001,,/Users/jburtoft/Documents/opencode/working/collective/task-010/logs/phase_c/lnc1_ws8/reduce_scatter.log
trn2_3xl,reduce_scatter,1,8,8,2048,1433.383,0.001,0.001,,/Users/jburtoft/Documents/opencode/working/collective/task-010/logs/phase_c/lnc1_ws8/reduce_scatter.log
trn2_3xl,reduce_scatter,1,8,8,4096,1447.995,0.003,0.002,,/Users/jburtoft/Documents/opencode/working/collective/task-010/logs/phase_c/lnc1_ws8/reduce_scatter.log
trn2_3xl,reduce_scatter,1,8,8,8192,1353.634,0.006,0.005,,/Users/jburtoft/Documents/opencode/working/collective/task-010/logs/phase_c/lnc1_ws8/reduce_scatter.log
trn2_3xl,reduce_scatter,1,8,8,16384,1380.773,0.012,0.01,,/Users/jburtoft/Documents/opencode/working/collective/task-010/logs/phase_c/lnc1_ws8/reduce_scatter.log
trn2_3xl,reduce_scatter,1,8,8,32768,1381.852,0.024,0.021,,/Users/jburtoft/Documents/opencode/working/collective/task-010/logs/phase_c/lnc1_ws8/reduce_scatter.log
trn2_3xl,reduce_scatter,1,8,8,65536,1706.373,0.038,0.034,,/Users/jburtoft/Documents/opencode/working/collective/task-010/logs/phase_c/lnc1_ws8/reduce_scatter.log
trn2_3xl,reduce_scatter,1,8,8,131072,1718.362,0.076,0.067,,/Users/jburtoft/Documents/opencode/working/collective/task-010/logs/phase_c/lnc1_ws8/reduce_scatter.log
trn2_3xl,reduce_scatter,1,8,8,262144,1744.894,0.15,0.131,,/Users/jburtoft/Documents/opencode/working/collective/task-010/logs/phase_c/lnc1_ws8/reduce_scatter.log
trn2_3xl,reduce_scatter,1,8,8,524288,1831.572,0.286,0.25,,/Users/jburtoft/Documents/opencode/working/collective/task-010/logs/phase_c/lnc1_ws8/reduce_scatter.log
trn2_3xl,reduce_scatter,1,8,8,1048576,1880.212,0.558,0.488,,/Users/jburtoft/Documents/opencode/working/collective/task-010/logs/phase_c/lnc1_ws8/reduce_scatter.log
trn2_3xl,reduce_scatter,1,8,8,2097152,1955.099,1.073,0.939,,/Users/jburtoft/Documents/opencode/working/collective/task-010/logs/phase_c/lnc1_ws8/reduce_scatter.log
trn2_3xl,reduce_scatter,1,8,8,4194304,1887.652,2.222,1.944,,/Users/jburtoft/Documents/opencode/working/collective/task-010/logs/phase_c/lnc1_ws8/reduce_scatter.log
trn2_3xl,reduce_scatter,1,8,8,8388608,1995.426,4.204,3.678,,/Users/jburtoft/Documents/opencode/working/collective/task-010/logs/phase_c/lnc1_ws8/reduce_scatter.log
trn2_3xl,reduce_scatter,1,8,8,16777216,1880.649,8.921,7.806,,/Users/jburtoft/Documents/opencode/working/collective/task-010/logs/phase_c/lnc1_ws8/reduce_scatter.log
trn2_3xl,reduce_scatter,1,8,8,33554432,1940.114,17.295,15.133,,/Users/jburtoft/Documents/opencode/working/collective/task-010/logs/phase_c/lnc1_ws8/reduce_scatter.log
trn2_3xl,reduce_scatter,1,8,8,67108864,2418.288,27.751,24.282,,/Users/jburtoft/Documents/opencode/working/collective/task-010/logs/phase_c/lnc1_ws8/reduce_scatter.log
trn2_3xl,reduce_scatter,1,8,8,134217728,3467.86,38.703,33.865,,/Users/jburtoft/Documents/opencode/working/collective/task-010/logs/phase_c/lnc1_ws8/reduce_scatter.log
trn2_3xl,reduce_scatter,1,8,8,268435456,5572.39,48.172,42.151,,/Users/jburtoft/Documents/opencode/working/collective/task-010/logs/phase_c/lnc1_ws8/reduce_scatter.log
trn2_3xl,reduce_scatter,1,8,8,536870912,9374.493,57.269,50.111,,/Users/jburtoft/Documents/opencode/working/collective/task-010/logs/phase_c/lnc1_ws8/reduce_scatter.log
trn2_3xl,reduce_scatter,1,8,8,1073741824,26198.476,40.985,35.862,,/Users/jburtoft/Documents/opencode/working/collective/task-010/logs/phase_c/lnc1_ws8/reduce_scatter.log
trn2_3xl,reduce_scatter,1,8,8,2147483648,52081.366,41.233,36.079,,/Users/jburtoft/Documents/opencode/working/collective/task-010/logs/phase_c/lnc1_ws8/reduce_scatter.log
trn2_3xl,reduce_scatter,1,8,8,4294967296,104245.703,41.2,36.05,,/Users/jburtoft/Documents/opencode/working/collective/task-010/logs/phase_c/lnc1_ws8/reduce_scatter.log
trn2_3xl,all_gather,2,2,2,16,432.119,0.0,0.0,,/Users/jburtoft/Documents/opencode/working/collective/task-010/logs/phase_c/lnc2_ws2/all_gather.log
trn2_3xl,all_gather,2,2,2,32,504.811,0.0,0.0,,/Users/jburtoft/Documents/opencode/working/collective/task-010/logs/phase_c/lnc2_ws2/all_gather.log
trn2_3xl,all_gather,2,2,2,64,669.769,0.0,0.0,,/Users/jburtoft/Documents/opencode/working/collective/task-010/logs/phase_c/lnc2_ws2/all_gather.log
trn2_3xl,all_gather,2,2,2,128,615.129,0.0,0.0,,/Users/jburtoft/Documents/opencode/working/collective/task-010/logs/phase_c/lnc2_ws2/all_gather.log
trn2_3xl,all_gather,2,2,2,256,543.46,0.001,0.0,,/Users/jburtoft/Documents/opencode/working/collective/task-010/logs/phase_c/lnc2_ws2/all_gather.log
trn2_3xl,all_gather,2,2,2,512,478.925,0.002,0.001,,/Users/jburtoft/Documents/opencode/working/collective/task-010/logs/phase_c/lnc2_ws2/all_gather.log
trn2_3xl,all_gather,2,2,2,1024,625.762,0.003,0.002,,/Users/jburtoft/Documents/opencode/working/collective/task-010/logs/phase_c/lnc2_ws2/all_gather.log
trn2_3xl,all_gather,2,2,2,2048,439.658,0.009,0.005,,/Users/jburtoft/Documents/opencode/working/collective/task-010/logs/phase_c/lnc2_ws2/all_gather.log
trn2_3xl,all_gather,2,2,2,4096,359.622,0.023,0.011,,/Users/jburtoft/Documents/opencode/working/collective/task-010/logs/phase_c/lnc2_ws2/all_gather.log
trn2_3xl,all_gather,2,2,2,8192,593.688,0.028,0.014,,/Users/jburtoft/Documents/opencode/working/collective/task-010/logs/phase_c/lnc2_ws2/all_gather.log
trn2_3xl,all_gather,2,2,2,16384,666.436,0.049,0.025,,/Users/jburtoft/Documents/opencode/working/collective/task-010/logs/phase_c/lnc2_ws2/all_gather.log
trn2_3xl,all_gather,2,2,2,32768,661.972,0.099,0.05,,/Users/jburtoft/Documents/opencode/working/collective/task-010/logs/phase_c/lnc2_ws2/all_gather.log
trn2_3xl,all_gather,2,2,2,65536,497.269,0.264,0.132,,/Users/jburtoft/Documents/opencode/working/collective/task-010/logs/phase_c/lnc2_ws2/all_gather.log
trn2_3xl,all_gather,2,2,2,131072,773.823,0.339,0.169,,/Users/jburtoft/Documents/opencode/working/collective/task-010/logs/phase_c/lnc2_ws2/all_gather.log
trn2_3xl,all_gather,2,2,2,262144,814.052,0.644,0.322,,/Users/jburtoft/Documents/opencode/working/collective/task-010/logs/phase_c/lnc2_ws2/all_gather.log
trn2_3xl,all_gather,2,2,2,524288,789.386,1.328,0.664,,/Users/jburtoft/Documents/opencode/working/collective/task-010/logs/phase_c/lnc2_ws2/all_gather.log
trn2_3xl,all_gather,2,2,2,1048576,785.405,2.67,1.335,,/Users/jburtoft/Documents/opencode/working/collective/task-010/logs/phase_c/lnc2_ws2/all_gather.log
trn2_3xl,all_gather,2,2,2,2097152,562.982,7.45,3.725,,/Users/jburtoft/Documents/opencode/working/collective/task-010/logs/phase_c/lnc2_ws2/all_gather.log
trn2_3xl,all_gather,2,2,2,4194304,496.654,16.89,8.445,,/Users/jburtoft/Documents/opencode/working/collective/task-010/logs/phase_c/lnc2_ws2/all_gather.log
trn2_3xl,all_gather,2,2,2,8388608,728.242,23.038,11.519,,/Users/jburtoft/Documents/opencode/working/collective/task-010/logs/phase_c/lnc2_ws2/all_gather.log
trn2_3xl,all_gather,2,2,2,16777216,945.411,35.492,17.746,,/Users/jburtoft/Documents/opencode/working/collective/task-010/logs/phase_c/lnc2_ws2/all_gather.log
trn2_3xl,all_gather,2,2,2,33554432,1610.887,41.66,20.83,,/Users/jburtoft/Documents/opencode/working/collective/task-010/logs/phase_c/lnc2_ws2/all_gather.log
trn2_3xl,all_gather,2,2,2,67108864,2583.98,51.942,25.971,,/Users/jburtoft/Documents/opencode/working/collective/task-010/logs/phase_c/lnc2_ws2/all_gather.log
trn2_3xl,all_gather,2,2,2,134217728,4279.247,62.73,31.365,,/Users/jburtoft/Documents/opencode/working/collective/task-010/logs/phase_c/lnc2_ws2/all_gather.log
trn2_3xl,all_gather,2,2,2,268435456,8432.741,63.665,31.833,,/Users/jburtoft/Documents/opencode/working/collective/task-010/logs/phase_c/lnc2_ws2/all_gather.log
trn2_3xl,all_gather,2,2,2,536870912,19007.395,56.491,28.245,,/Users/jburtoft/Documents/opencode/working/collective/task-010/logs/phase_c/lnc2_ws2/all_gather.log
trn2_3xl,all_gather,2,2,2,1073741824,39220.743,54.754,27.377,,/Users/jburtoft/Documents/opencode/working/collective/task-010/logs/phase_c/lnc2_ws2/all_gather.log
trn2_3xl,all_reduce,2,2,2,16,620.464,0.0,0.0,,/Users/jburtoft/Documents/opencode/working/collective/task-010/logs/phase_c/lnc2_ws2/all_reduce.log
trn2_3xl,all_reduce,2,2,2,32,682.36,0.0,0.0,,/Users/jburtoft/Documents/opencode/working/collective/task-010/logs/phase_c/lnc2_ws2/all_reduce.log
trn2_3xl,all_reduce,2,2,2,64,703.252,0.0,0.0,,/Users/jburtoft/Documents/opencode/working/collective/task-010/logs/phase_c/lnc2_ws2/all_reduce.log
trn2_3xl,all_reduce,2,2,2,128,626.678,0.0,0.0,,/Users/jburtoft/Documents/opencode/working/collective/task-010/logs/phase_c/lnc2_ws2/all_reduce.log
trn2_3xl,all_reduce,2,2,2,256,604.592,0.001,0.0,,/Users/jburtoft/Documents/opencode/working/collective/task-010/logs/phase_c/lnc2_ws2/all_reduce.log
trn2_3xl,all_reduce,2,2,2,512,653.101,0.002,0.001,,/Users/jburtoft/Documents/opencode/working/collective/task-010/logs/phase_c/lnc2_ws2/all_reduce.log
trn2_3xl,all_reduce,2,2,2,1024,621.555,0.003,0.002,,/Users/jburtoft/Documents/opencode/working/collective/task-010/logs/phase_c/lnc2_ws2/all_reduce.log
trn2_3xl,all_reduce,2,2,2,2048,650.494,0.006,0.003,,/Users/jburtoft/Documents/opencode/working/collective/task-010/logs/phase_c/lnc2_ws2/all_reduce.log
trn2_3xl,all_reduce,2,2,2,4096,628.872,0.013,0.007,,/Users/jburtoft/Documents/opencode/working/collective/task-010/logs/phase_c/lnc2_ws2/all_reduce.log
trn2_3xl,all_reduce,2,2,2,8192,274.195,0.06,0.03,,/Users/jburtoft/Documents/opencode/working/collective/task-010/logs/phase_c/lnc2_ws2/all_reduce.log
trn2_3xl,all_reduce,2,2,2,16384,530.954,0.062,0.031,,/Users/jburtoft/Documents/opencode/working/collective/task-010/logs/phase_c/lnc2_ws2/all_reduce.log
trn2_3xl,all_reduce,2,2,2,32768,515.752,0.127,0.064,,/Users/jburtoft/Documents/opencode/working/collective/task-010/logs/phase_c/lnc2_ws2/all_reduce.log
trn2_3xl,all_reduce,2,2,2,65536,587.165,0.223,0.112,,/Users/jburtoft/Documents/opencode/working/collective/task-010/logs/phase_c/lnc2_ws2/all_reduce.log
trn2_3xl,all_reduce,2,2,2,131072,534.057,0.491,0.245,,/Users/jburtoft/Documents/opencode/working/collective/task-010/logs/phase_c/lnc2_ws2/all_reduce.log
trn2_3xl,all_reduce,2,2,2,262144,229.852,2.281,1.14,,/Users/jburtoft/Documents/opencode/working/collective/task-010/logs/phase_c/lnc2_ws2/all_reduce.log
trn2_3xl,all_reduce,2,2,2,524288,697.02,1.504,0.752,,/Users/jburtoft/Documents/opencode/working/collective/task-010/logs/phase_c/lnc2_ws2/all_reduce.log
trn2_3xl,all_reduce,2,2,2,1048576,408.022,5.14,2.57,,/Users/jburtoft/Documents/opencode/working/collective/task-010/logs/phase_c/lnc2_ws2/all_reduce.log
trn2_3xl,all_reduce,2,2,2,2097152,581.328,7.215,3.608,,/Users/jburtoft/Documents/opencode/working/collective/task-010/logs/phase_c/lnc2_ws2/all_reduce.log
trn2_3xl,all_reduce,2,2,2,4194304,525.303,15.969,7.985,,/Users/jburtoft/Documents/opencode/working/collective/task-010/logs/phase_c/lnc2_ws2/all_reduce.log
trn2_3xl,all_reduce,2,2,2,8388608,686.684,24.432,12.216,,/Users/jburtoft/Documents/opencode/working/collective/task-010/logs/phase_c/lnc2_ws2/all_reduce.log
trn2_3xl,all_reduce,2,2,2,16777216,593.527,56.534,28.267,,/Users/jburtoft/Documents/opencode/working/collective/task-010/logs/phase_c/lnc2_ws2/all_reduce.log
trn2_3xl,all_reduce,2,2,2,33554432,1067.619,62.858,31.429,,/Users/jburtoft/Documents/opencode/working/collective/task-010/logs/phase_c/lnc2_ws2/all_reduce.log
trn2_3xl,all_reduce,2,2,2,67108864,2369.917,56.634,28.317,,/Users/jburtoft/Documents/opencode/working/collective/task-010/logs/phase_c/lnc2_ws2/all_reduce.log
trn2_3xl,all_reduce,2,2,2,134217728,3736.278,71.846,35.923,,/Users/jburtoft/Documents/opencode/working/collective/task-010/logs/phase_c/lnc2_ws2/all_reduce.log
trn2_3xl,all_reduce,2,2,2,268435456,7799.483,68.834,34.417,,/Users/jburtoft/Documents/opencode/working/collective/task-010/logs/phase_c/lnc2_ws2/all_reduce.log
trn2_3xl,all_reduce,2,2,2,536870912,14855.309,72.28,36.14,,/Users/jburtoft/Documents/opencode/working/collective/task-010/logs/phase_c/lnc2_ws2/all_reduce.log
trn2_3xl,all_reduce,2,2,2,1073741824,29022.424,73.994,36.997,,/Users/jburtoft/Documents/opencode/working/collective/task-010/logs/phase_c/lnc2_ws2/all_reduce.log
trn2_3xl,broadcast,2,2,2,16,626.284,0.0,0.0,,/Users/jburtoft/Documents/opencode/working/collective/task-010/logs/phase_c/lnc2_ws2/broadcast.log
trn2_3xl,broadcast,2,2,2,32,444.951,0.0,0.0,,/Users/jburtoft/Documents/opencode/working/collective/task-010/logs/phase_c/lnc2_ws2/broadcast.log
trn2_3xl,broadcast,2,2,2,64,325.758,0.0,0.0,,/Users/jburtoft/Documents/opencode/working/collective/task-010/logs/phase_c/lnc2_ws2/broadcast.log
trn2_3xl,broadcast,2,2,2,128,518.508,0.0,0.0,,/Users/jburtoft/Documents/opencode/working/collective/task-010/logs/phase_c/lnc2_ws2/broadcast.log
trn2_3xl,broadcast,2,2,2,256,318.855,0.001,0.001,,/Users/jburtoft/Documents/opencode/working/collective/task-010/logs/phase_c/lnc2_ws2/broadcast.log
trn2_3xl,broadcast,2,2,2,512,468.988,0.001,0.001,,/Users/jburtoft/Documents/opencode/working/collective/task-010/logs/phase_c/lnc2_ws2/broadcast.log
trn2_3xl,broadcast,2,2,2,1024,556.728,0.002,0.002,,/Users/jburtoft/Documents/opencode/working/collective/task-010/logs/phase_c/lnc2_ws2/broadcast.log
trn2_3xl,broadcast,2,2,2,2048,615.582,0.003,0.003,,/Users/jburtoft/Documents/opencode/working/collective/task-010/logs/phase_c/lnc2_ws2/broadcast.log
trn2_3xl,broadcast,2,2,2,4096,489.298,0.008,0.008,,/Users/jburtoft/Documents/opencode/working/collective/task-010/logs/phase_c/lnc2_ws2/broadcast.log
trn2_3xl,broadcast,2,2,2,8192,691.904,0.012,0.012,,/Users/jburtoft/Documents/opencode/working/collective/task-010/logs/phase_c/lnc2_ws2/broadcast.log
trn2_3xl,broadcast,2,2,2,16384,547.365,0.03,0.03,,/Users/jburtoft/Documents/opencode/working/collective/task-010/logs/phase_c/lnc2_ws2/broadcast.log
trn2_3xl,broadcast,2,2,2,32768,570.274,0.057,0.057,,/Users/jburtoft/Documents/opencode/working/collective/task-010/logs/phase_c/lnc2_ws2/broadcast.log
trn2_3xl,broadcast,2,2,2,65536,586.334,0.112,0.112,,/Users/jburtoft/Documents/opencode/working/collective/task-010/logs/phase_c/lnc2_ws2/broadcast.log
trn2_3xl,broadcast,2,2,2,131072,523.886,0.25,0.25,,/Users/jburtoft/Documents/opencode/working/collective/task-010/logs/phase_c/lnc2_ws2/broadcast.log
trn2_3xl,broadcast,2,2,2,262144,653.166,0.401,0.401,,/Users/jburtoft/Documents/opencode/working/collective/task-010/logs/phase_c/lnc2_ws2/broadcast.log
trn2_3xl,broadcast,2,2,2,524288,544.927,0.962,0.962,,/Users/jburtoft/Documents/opencode/working/collective/task-010/logs/phase_c/lnc2_ws2/broadcast.log
trn2_3xl,broadcast,2,2,2,1048576,353.78,2.964,2.964,,/Users/jburtoft/Documents/opencode/working/collective/task-010/logs/phase_c/lnc2_ws2/broadcast.log
trn2_3xl,broadcast,2,2,2,2097152,454.183,4.617,4.617,,/Users/jburtoft/Documents/opencode/working/collective/task-010/logs/phase_c/lnc2_ws2/broadcast.log
trn2_3xl,broadcast,2,2,2,4194304,434.685,9.649,9.649,,/Users/jburtoft/Documents/opencode/working/collective/task-010/logs/phase_c/lnc2_ws2/broadcast.log
trn2_3xl,broadcast,2,2,2,8388608,904.673,9.273,9.273,,/Users/jburtoft/Documents/opencode/working/collective/task-010/logs/phase_c/lnc2_ws2/broadcast.log
trn2_3xl,broadcast,2,2,2,16777216,1014.907,16.531,16.531,,/Users/jburtoft/Documents/opencode/working/collective/task-010/logs/phase_c/lnc2_ws2/broadcast.log
trn2_3xl,broadcast,2,2,2,33554432,1604.756,20.909,20.909,,/Users/jburtoft/Documents/opencode/working/collective/task-010/logs/phase_c/lnc2_ws2/broadcast.log
trn2_3xl,broadcast,2,2,2,67108864,2527.262,26.554,26.554,,/Users/jburtoft/Documents/opencode/working/collective/task-010/logs/phase_c/lnc2_ws2/broadcast.log
trn2_3xl,broadcast,2,2,2,134217728,4124.935,32.538,32.538,,/Users/jburtoft/Documents/opencode/working/collective/task-010/logs/phase_c/lnc2_ws2/broadcast.log
trn2_3xl,broadcast,2,2,2,268435456,8003.491,33.54,33.54,,/Users/jburtoft/Documents/opencode/working/collective/task-010/logs/phase_c/lnc2_ws2/broadcast.log
trn2_3xl,broadcast,2,2,2,536870912,15751.323,34.084,34.084,,/Users/jburtoft/Documents/opencode/working/collective/task-010/logs/phase_c/lnc2_ws2/broadcast.log
trn2_3xl,broadcast,2,2,2,1073741824,31250.53,34.359,34.359,,/Users/jburtoft/Documents/opencode/working/collective/task-010/logs/phase_c/lnc2_ws2/broadcast.log
trn2_3xl,reduce_scatter,2,2,2,16,622.621,0.0,0.0,,/Users/jburtoft/Documents/opencode/working/collective/task-010/logs/phase_c/lnc2_ws2/reduce_scatter.log
trn2_3xl,reduce_scatter,2,2,2,32,673.004,0.0,0.0,,/Users/jburtoft/Documents/opencode/working/collective/task-010/logs/phase_c/lnc2_ws2/reduce_scatter.log
trn2_3xl,reduce_scatter,2,2,2,64,203.057,0.0,0.0,,/Users/jburtoft/Documents/opencode/working/collective/task-010/logs/phase_c/lnc2_ws2/reduce_scatter.log
trn2_3xl,reduce_scatter,2,2,2,128,311.377,0.0,0.0,,/Users/jburtoft/Documents/opencode/working/collective/task-010/logs/phase_c/lnc2_ws2/reduce_scatter.log
trn2_3xl,reduce_scatter,2,2,2,256,315.1,0.001,0.0,,/Users/jburtoft/Documents/opencode/working/collective/task-010/logs/phase_c/lnc2_ws2/reduce_scatter.log
trn2_3xl,reduce_scatter,2,2,2,512,513.19,0.001,0.0,,/Users/jburtoft/Documents/opencode/working/collective/task-010/logs/phase_c/lnc2_ws2/reduce_scatter.log
trn2_3xl,reduce_scatter,2,2,2,1024,282.99,0.004,0.002,,/Users/jburtoft/Documents/opencode/working/collective/task-010/logs/phase_c/lnc2_ws2/reduce_scatter.log
trn2_3xl,reduce_scatter,2,2,2,2048,386.903,0.005,0.003,,/Users/jburtoft/Documents/opencode/working/collective/task-010/logs/phase_c/lnc2_ws2/reduce_scatter.log
trn2_3xl,reduce_scatter,2,2,2,4096,644.261,0.006,0.003,,/Users/jburtoft/Documents/opencode/working/collective/task-010/logs/phase_c/lnc2_ws2/reduce_scatter.log
trn2_3xl,reduce_scatter,2,2,2,8192,416.902,0.02,0.01,,/Users/jburtoft/Documents/opencode/working/collective/task-010/logs/phase_c/lnc2_ws2/reduce_scatter.log
trn2_3xl,reduce_scatter,2,2,2,16384,455.226,0.036,0.018,,/Users/jburtoft/Documents/opencode/working/collective/task-010/logs/phase_c/lnc2_ws2/reduce_scatter.log
trn2_3xl,reduce_scatter,2,2,2,32768,488.25,0.067,0.034,,/Users/jburtoft/Documents/opencode/working/collective/task-010/logs/phase_c/lnc2_ws2/reduce_scatter.log
trn2_3xl,reduce_scatter,2,2,2,65536,404.445,0.162,0.081,,/Users/jburtoft/Documents/opencode/working/collective/task-010/logs/phase_c/lnc2_ws2/reduce_scatter.log
trn2_3xl,reduce_scatter,2,2,2,131072,502.781,0.261,0.13,,/Users/jburtoft/Documents/opencode/working/collective/task-010/logs/phase_c/lnc2_ws2/reduce_scatter.log
trn2_3xl,reduce_scatter,2,2,2,262144,486.255,0.539,0.27,,/Users/jburtoft/Documents/opencode/working/collective/task-010/logs/phase_c/lnc2_ws2/reduce_scatter.log
trn2_3xl,reduce_scatter,2,2,2,524288,617.256,0.849,0.425,,/Users/jburtoft/Documents/opencode/working/collective/task-010/logs/phase_c/lnc2_ws2/reduce_scatter.log
trn2_3xl,reduce_scatter,2,2,2,1048576,554.912,1.89,0.945,,/Users/jburtoft/Documents/opencode/working/collective/task-010/logs/phase_c/lnc2_ws2/reduce_scatter.log
trn2_3xl,reduce_scatter,2,2,2,2097152,687.606,3.05,1.525,,/Users/jburtoft/Documents/opencode/working/collective/task-010/logs/phase_c/lnc2_ws2/reduce_scatter.log
trn2_3xl,reduce_scatter,2,2,2,4194304,286.71,14.629,7.315,,/Users/jburtoft/Documents/opencode/working/collective/task-010/logs/phase_c/lnc2_ws2/reduce_scatter.log
trn2_3xl,reduce_scatter,2,2,2,8388608,732.849,11.447,5.723,,/Users/jburtoft/Documents/opencode/working/collective/task-010/logs/phase_c/lnc2_ws2/reduce_scatter.log
trn2_3xl,reduce_scatter,2,2,2,16777216,764.396,21.948,10.974,,/Users/jburtoft/Documents/opencode/working/collective/task-010/logs/phase_c/lnc2_ws2/reduce_scatter.log
trn2_3xl,reduce_scatter,2,2,2,33554432,904.715,37.088,18.544,,/Users/jburtoft/Documents/opencode/working/collective/task-010/logs/phase_c/lnc2_ws2/reduce_scatter.log
trn2_3xl,reduce_scatter,2,2,2,67108864,1130.116,59.382,29.691,,/Users/jburtoft/Documents/opencode/working/collective/task-010/logs/phase_c/lnc2_ws2/reduce_scatter.log
trn2_3xl,reduce_scatter,2,2,2,134217728,1988.716,67.49,33.745,,/Users/jburtoft/Documents/opencode/working/collective/task-010/logs/phase_c/lnc2_ws2/reduce_scatter.log
trn2_3xl,reduce_scatter,2,2,2,268435456,3351.935,80.084,40.042,,/Users/jburtoft/Documents/opencode/working/collective/task-010/logs/phase_c/lnc2_ws2/reduce_scatter.log
trn2_3xl,reduce_scatter,2,2,2,536870912,10652.702,50.398,25.199,,/Users/jburtoft/Documents/opencode/working/collective/task-010/logs/phase_c/lnc2_ws2/reduce_scatter.log
trn2_3xl,reduce_scatter,2,2,2,1073741824,27906.809,38.476,19.238,,/Users/jburtoft/Documents/opencode/working/collective/task-010/logs/phase_c/lnc2_ws2/reduce_scatter.log
trn2_3xl,all_gather,2,4,4,32,256.002,0.0,0.0,,/Users/jburtoft/Documents/opencode/working/collective/task-010/logs/phase_c/lnc2_ws4/all_gather.log
trn2_3xl,all_gather,2,4,4,64,322.679,0.001,0.001,,/Users/jburtoft/Documents/opencode/working/collective/task-010/logs/phase_c/lnc2_ws4/all_gather.log
trn2_3xl,all_gather,2,4,4,128,417.753,0.001,0.001,,/Users/jburtoft/Documents/opencode/working/collective/task-010/logs/phase_c/lnc2_ws4/all_gather.log
trn2_3xl,all_gather,2,4,4,256,282.687,0.004,0.003,,/Users/jburtoft/Documents/opencode/working/collective/task-010/logs/phase_c/lnc2_ws4/all_gather.log
trn2_3xl,all_gather,2,4,4,512,445.6,0.005,0.003,,/Users/jburtoft/Documents/opencode/working/collective/task-010/logs/phase_c/lnc2_ws4/all_gather.log
trn2_3xl,all_gather,2,4,4,1024,317.352,0.013,0.01,,/Users/jburtoft/Documents/opencode/working/collective/task-010/logs/phase_c/lnc2_ws4/all_gather.log
trn2_3xl,all_gather,2,4,4,2048,350.052,0.023,0.018,,/Users/jburtoft/Documents/opencode/working/collective/task-010/logs/phase_c/lnc2_ws4/all_gather.log
trn2_3xl,all_gather,2,4,4,4096,340.015,0.048,0.036,,/Users/jburtoft/Documents/opencode/working/collective/task-010/logs/phase_c/lnc2_ws4/all_gather.log
trn2_3xl,all_gather,2,4,4,8192,336.668,0.097,0.073,,/Users/jburtoft/Documents/opencode/working/collective/task-010/logs/phase_c/lnc2_ws4/all_gather.log
trn2_3xl,all_gather,2,4,4,16384,356.193,0.184,0.138,,/Users/jburtoft/Documents/opencode/working/collective/task-010/logs/phase_c/lnc2_ws4/all_gather.log
trn2_3xl,all_gather,2,4,4,32768,556.651,0.235,0.177,,/Users/jburtoft/Documents/opencode/working/collective/task-010/logs/phase_c/lnc2_ws4/all_gather.log
trn2_3xl,all_gather,2,4,4,65536,534.783,0.49,0.368,,/Users/jburtoft/Documents/opencode/working/collective/task-010/logs/phase_c/lnc2_ws4/all_gather.log
trn2_3xl,all_gather,2,4,4,131072,299.375,1.751,1.313,,/Users/jburtoft/Documents/opencode/working/collective/task-010/logs/phase_c/lnc2_ws4/all_gather.log
trn2_3xl,all_gather,2,4,4,262144,324.425,3.232,2.424,,/Users/jburtoft/Documents/opencode/working/collective/task-010/logs/phase_c/lnc2_ws4/all_gather.log
trn2_3xl,all_gather,2,4,4,524288,313.621,6.687,5.015,,/Users/jburtoft/Documents/opencode/working/collective/task-010/logs/phase_c/lnc2_ws4/all_gather.log
trn2_3xl,all_gather,2,4,4,1048576,382.404,10.968,8.226,,/Users/jburtoft/Documents/opencode/working/collective/task-010/logs/phase_c/lnc2_ws4/all_gather.log
trn2_3xl,all_gather,2,4,4,2097152,438.871,19.114,14.336,,/Users/jburtoft/Documents/opencode/working/collective/task-010/logs/phase_c/lnc2_ws4/all_gather.log
trn2_3xl,all_gather,2,4,4,4194304,497.409,33.729,25.297,,/Users/jburtoft/Documents/opencode/working/collective/task-010/logs/phase_c/lnc2_ws4/all_gather.log
trn2_3xl,all_gather,2,4,4,8388608,547.939,61.238,45.928,,/Users/jburtoft/Documents/opencode/working/collective/task-010/logs/phase_c/lnc2_ws4/all_gather.log
trn2_3xl,all_gather,2,4,4,16777216,778.62,86.19,64.642,,/Users/jburtoft/Documents/opencode/working/collective/task-010/logs/phase_c/lnc2_ws4/all_gather.log
trn2_3xl,all_gather,2,4,4,33554432,1407.012,95.392,71.544,,/Users/jburtoft/Documents/opencode/working/collective/task-010/logs/phase_c/lnc2_ws4/all_gather.log
trn2_3xl,all_gather,2,4,4,67108864,2886.24,93.005,69.754,,/Users/jburtoft/Documents/opencode/working/collective/task-010/logs/phase_c/lnc2_ws4/all_gather.log
trn2_3xl,all_gather,2,4,4,134217728,6061.703,88.568,66.426,,/Users/jburtoft/Documents/opencode/working/collective/task-010/logs/phase_c/lnc2_ws4/all_gather.log
trn2_3xl,all_gather,2,4,4,268435456,12667.553,84.763,63.572,,/Users/jburtoft/Documents/opencode/working/collective/task-010/logs/phase_c/lnc2_ws4/all_gather.log
trn2_3xl,all_gather,2,4,4,536870912,25396.837,84.557,63.418,,/Users/jburtoft/Documents/opencode/working/collective/task-010/logs/phase_c/lnc2_ws4/all_gather.log
trn2_3xl,all_gather,2,4,4,1073741824,50402.336,85.214,63.91,,/Users/jburtoft/Documents/opencode/working/collective/task-010/logs/phase_c/lnc2_ws4/all_gather.log
trn2_3xl,all_gather,2,4,4,2147483648,100296.031,85.646,64.234,,/Users/jburtoft/Documents/opencode/working/collective/task-010/logs/phase_c/lnc2_ws4/all_gather.log
trn2_3xl,all_reduce,2,4,4,32,294.026,0.0,0.0,,/Users/jburtoft/Documents/opencode/working/collective/task-010/logs/phase_c/lnc2_ws4/all_reduce.log
trn2_3xl,all_reduce,2,4,4,64,317.129,0.0,0.0,,/Users/jburtoft/Documents/opencode/working/collective/task-010/logs/phase_c/lnc2_ws4/all_reduce.log
trn2_3xl,all_reduce,2,4,4,128,276.762,0.001,0.001,,/Users/jburtoft/Documents/opencode/working/collective/task-010/logs/phase_c/lnc2_ws4/all_reduce.log
trn2_3xl,all_reduce,2,4,4,256,303.35,0.002,0.001,,/Users/jburtoft/Documents/opencode/working/collective/task-010/logs/phase_c/lnc2_ws4/all_reduce.log
trn2_3xl,all_reduce,2,4,4,512,285.975,0.004,0.003,,/Users/jburtoft/Documents/opencode/working/collective/task-010/logs/phase_c/lnc2_ws4/all_reduce.log
trn2_3xl,all_reduce,2,4,4,1024,280.513,0.007,0.005,,/Users/jburtoft/Documents/opencode/working/collective/task-010/logs/phase_c/lnc2_ws4/all_reduce.log
trn2_3xl,all_reduce,2,4,4,2048,295.079,0.014,0.01,,/Users/jburtoft/Documents/opencode/working/collective/task-010/logs/phase_c/lnc2_ws4/all_reduce.log
trn2_3xl,all_reduce,2,4,4,4096,410.804,0.02,0.015,,/Users/jburtoft/Documents/opencode/working/collective/task-010/logs/phase_c/lnc2_ws4/all_reduce.log
trn2_3xl,all_reduce,2,4,4,8192,404.333,0.041,0.03,,/Users/jburtoft/Documents/opencode/working/collective/task-010/logs/phase_c/lnc2_ws4/all_reduce.log
trn2_3xl,all_reduce,2,4,4,16384,283.328,0.116,0.087,,/Users/jburtoft/Documents/opencode/working/collective/task-010/logs/phase_c/lnc2_ws4/all_reduce.log
trn2_3xl,all_reduce,2,4,4,32768,287.208,0.228,0.171,,/Users/jburtoft/Documents/opencode/working/collective/task-010/logs/phase_c/lnc2_ws4/all_reduce.log
trn2_3xl,all_reduce,2,4,4,65536,369.142,0.355,0.266,,/Users/jburtoft/Documents/opencode/working/collective/task-010/logs/phase_c/lnc2_ws4/all_reduce.log
trn2_3xl,all_reduce,2,4,4,131072,334.988,0.783,0.587,,/Users/jburtoft/Documents/opencode/working/collective/task-010/logs/phase_c/lnc2_ws4/all_reduce.log
trn2_3xl,all_reduce,2,4,4,262144,293.611,1.786,1.339,,/Users/jburtoft/Documents/opencode/working/collective/task-010/logs/phase_c/lnc2_ws4/all_reduce.log
trn2_3xl,all_reduce,2,4,4,524288,340.665,3.078,2.309,,/Users/jburtoft/Documents/opencode/working/collective/task-010/logs/phase_c/lnc2_ws4/all_reduce.log
trn2_3xl,all_reduce,2,4,4,1048576,355.886,5.893,4.42,,/Users/jburtoft/Documents/opencode/working/collective/task-010/logs/phase_c/lnc2_ws4/all_reduce.log
trn2_3xl,all_reduce,2,4,4,2097152,351.203,11.943,8.957,,/Users/jburtoft/Documents/opencode/working/collective/task-010/logs/phase_c/lnc2_ws4/all_reduce.log
trn2_3xl,all_reduce,2,4,4,4194304,304.675,27.533,20.65,,/Users/jburtoft/Documents/opencode/working/collective/task-010/logs/phase_c/lnc2_ws4/all_reduce.log
trn2_3xl,all_reduce,2,4,4,8388608,394.796,42.496,31.872,,/Users/jburtoft/Documents/opencode/working/collective/task-010/logs/phase_c/lnc2_ws4/all_reduce.log
trn2_3xl,all_reduce,2,4,4,16777216,587.764,57.088,42.816,,/Users/jburtoft/Documents/opencode/working/collective/task-010/logs/phase_c/lnc2_ws4/all_reduce.log
trn2_3xl,all_reduce,2,4,4,33554432,768.079,87.372,65.529,,/Users/jburtoft/Documents/opencode/working/collective/task-010/logs/phase_c/lnc2_ws4/all_reduce.log
trn2_3xl,all_reduce,2,4,4,67108864,1194.017,112.409,84.306,,/Users/jburtoft/Documents/opencode/working/collective/task-010/logs/phase_c/lnc2_ws4/all_reduce.log
trn2_3xl,all_reduce,2,4,4,134217728,2397.315,111.973,83.98,,/Users/jburtoft/Documents/opencode/working/collective/task-010/logs/phase_c/lnc2_ws4/all_reduce.log
trn2_3xl,all_reduce,2,4,4,268435456,4018.314,133.606,100.205,,/Users/jburtoft/Documents/opencode/working/collective/task-010/logs/phase_c/lnc2_ws4/all_reduce.log
trn2_3xl,all_reduce,2,4,4,536870912,7873.74,136.37,102.277,,/Users/jburtoft/Documents/opencode/working/collective/task-010/logs/phase_c/lnc2_ws4/all_reduce.log
trn2_3xl,all_reduce,2,4,4,1073741824,20221.478,106.198,79.649,,/Users/jburtoft/Documents/opencode/working/collective/task-010/logs/phase_c/lnc2_ws4/all_reduce.log
trn2_3xl,all_reduce,2,4,4,2147483648,40011.826,107.342,80.507,,/Users/jburtoft/Documents/opencode/working/collective/task-010/logs/phase_c/lnc2_ws4/all_reduce.log
trn2_3xl,alltoall,2,4,4,32,764.453,0.0,0.0,,/Users/jburtoft/Documents/opencode/working/collective/task-010/logs/phase_c/lnc2_ws4/all_to_all.log
trn2_3xl,alltoall,2,4,4,64,770.677,0.0,0.0,,/Users/jburtoft/Documents/opencode/working/collective/task-010/logs/phase_c/lnc2_ws4/all_to_all.log
trn2_3xl,alltoall,2,4,4,128,737.115,0.0,0.0,,/Users/jburtoft/Documents/opencode/working/collective/task-010/logs/phase_c/lnc2_ws4/all_to_all.log
trn2_3xl,alltoall,2,4,4,256,770.652,0.0,0.0,,/Users/jburtoft/Documents/opencode/working/collective/task-010/logs/phase_c/lnc2_ws4/all_to_all.log
trn2_3xl,alltoall,2,4,4,512,755.612,0.001,0.001,,/Users/jburtoft/Documents/opencode/working/collective/task-010/logs/phase_c/lnc2_ws4/all_to_all.log
trn2_3xl,alltoall,2,4,4,1024,729.458,0.001,0.001,,/Users/jburtoft/Documents/opencode/working/collective/task-010/logs/phase_c/lnc2_ws4/all_to_all.log
trn2_3xl,alltoall,2,4,4,2048,819.03,0.003,0.002,,/Users/jburtoft/Documents/opencode/working/collective/task-010/logs/phase_c/lnc2_ws4/all_to_all.log
trn2_3xl,alltoall,2,4,4,4096,780.81,0.005,0.004,,/Users/jburtoft/Documents/opencode/working/collective/task-010/logs/phase_c/lnc2_ws4/all_to_all.log
trn2_3xl,alltoall,2,4,4,8192,771.122,0.011,0.008,,/Users/jburtoft/Documents/opencode/working/collective/task-010/logs/phase_c/lnc2_ws4/all_to_all.log
trn2_3xl,alltoall,2,4,4,16384,740.569,0.022,0.017,,/Users/jburtoft/Documents/opencode/working/collective/task-010/logs/phase_c/lnc2_ws4/all_to_all.log
trn2_3xl,alltoall,2,4,4,32768,775.811,0.042,0.032,,/Users/jburtoft/Documents/opencode/working/collective/task-010/logs/phase_c/lnc2_ws4/all_to_all.log
trn2_3xl,alltoall,2,4,4,65536,774.478,0.085,0.063,,/Users/jburtoft/Documents/opencode/working/collective/task-010/logs/phase_c/lnc2_ws4/all_to_all.log
trn2_3xl,alltoall,2,4,4,131072,772.39,0.17,0.127,,/Users/jburtoft/Documents/opencode/working/collective/task-010/logs/phase_c/lnc2_ws4/all_to_all.log
trn2_3xl,alltoall,2,4,4,262144,746.015,0.351,0.264,,/Users/jburtoft/Documents/opencode/working/collective/task-010/logs/phase_c/lnc2_ws4/all_to_all.log
trn2_3xl,alltoall,2,4,4,524288,767.762,0.683,0.512,,/Users/jburtoft/Documents/opencode/working/collective/task-010/logs/phase_c/lnc2_ws4/all_to_all.log
trn2_3xl,alltoall,2,4,4,1048576,780.363,1.344,1.008,,/Users/jburtoft/Documents/opencode/working/collective/task-010/logs/phase_c/lnc2_ws4/all_to_all.log
trn2_3xl,alltoall,2,4,4,2097152,1208.737,1.735,1.301,,/Users/jburtoft/Documents/opencode/working/collective/task-010/logs/phase_c/lnc2_ws4/all_to_all.log
trn2_3xl,alltoall,2,4,4,4194304,800.815,5.238,3.928,,/Users/jburtoft/Documents/opencode/working/collective/task-010/logs/phase_c/lnc2_ws4/all_to_all.log
trn2_3xl,alltoall,2,4,4,8388608,853.053,9.834,7.375,,/Users/jburtoft/Documents/opencode/working/collective/task-010/logs/phase_c/lnc2_ws4/all_to_all.log
trn2_3xl,alltoall,2,4,4,16777216,922.016,18.196,13.647,,/Users/jburtoft/Documents/opencode/working/collective/task-010/logs/phase_c/lnc2_ws4/all_to_all.log
trn2_3xl,alltoall,2,4,4,33554432,1166.245,28.771,21.579,,/Users/jburtoft/Documents/opencode/working/collective/task-010/logs/phase_c/lnc2_ws4/all_to_all.log
trn2_3xl,alltoall,2,4,4,67108864,1731.665,38.754,29.065,,/Users/jburtoft/Documents/opencode/working/collective/task-010/logs/phase_c/lnc2_ws4/all_to_all.log
trn2_3xl,alltoall,2,4,4,134217728,2896.286,46.341,34.756,,/Users/jburtoft/Documents/opencode/working/collective/task-010/logs/phase_c/lnc2_ws4/all_to_all.log
trn2_3xl,alltoall,2,4,4,268435456,5280.332,50.837,38.128,,/Users/jburtoft/Documents/opencode/working/collective/task-010/logs/phase_c/lnc2_ws4/all_to_all.log
trn2_3xl,alltoall,2,4,4,536870912,10240.137,52.428,39.321,,/Users/jburtoft/Documents/opencode/working/collective/task-010/logs/phase_c/lnc2_ws4/all_to_all.log
trn2_3xl,alltoall,2,4,4,1073741824,21272.138,50.476,37.857,,/Users/jburtoft/Documents/opencode/working/collective/task-010/logs/phase_c/lnc2_ws4/all_to_all.log
trn2_3xl,alltoall,2,4,4,2147483648,48899.53,43.916,32.937,,/Users/jburtoft/Documents/opencode/working/collective/task-010/logs/phase_c/lnc2_ws4/all_to_all.log
trn2_3xl,broadcast,2,4,4,32,500.936,0.0,0.0,,/Users/jburtoft/Documents/opencode/working/collective/task-010/logs/phase_c/lnc2_ws4/broadcast.log
trn2_3xl,broadcast,2,4,4,64,499.552,0.0,0.0,,/Users/jburtoft/Documents/opencode/working/collective/task-010/logs/phase_c/lnc2_ws4/broadcast.log
trn2_3xl,broadcast,2,4,4,128,565.326,0.0,0.0,,/Users/jburtoft/Documents/opencode/working/collective/task-010/logs/phase_c/lnc2_ws4/broadcast.log
trn2_3xl,broadcast,2,4,4,256,485.863,0.001,0.001,,/Users/jburtoft/Documents/opencode/working/collective/task-010/logs/phase_c/lnc2_ws4/broadcast.log
trn2_3xl,broadcast,2,4,4,512,524.877,0.001,0.001,,/Users/jburtoft/Documents/opencode/working/collective/task-010/logs/phase_c/lnc2_ws4/broadcast.log
trn2_3xl,broadcast,2,4,4,1024,528.896,0.002,0.002,,/Users/jburtoft/Documents/opencode/working/collective/task-010/logs/phase_c/lnc2_ws4/broadcast.log
trn2_3xl,broadcast,2,4,4,2048,580.971,0.004,0.004,,/Users/jburtoft/Documents/opencode/working/collective/task-010/logs/phase_c/lnc2_ws4/broadcast.log
trn2_3xl,broadcast,2,4,4,4096,521.841,0.008,0.008,,/Users/jburtoft/Documents/opencode/working/collective/task-010/logs/phase_c/lnc2_ws4/broadcast.log
trn2_3xl,broadcast,2,4,4,8192,591.097,0.014,0.014,,/Users/jburtoft/Documents/opencode/working/collective/task-010/logs/phase_c/lnc2_ws4/broadcast.log
trn2_3xl,broadcast,2,4,4,16384,586.334,0.028,0.028,,/Users/jburtoft/Documents/opencode/working/collective/task-010/logs/phase_c/lnc2_ws4/broadcast.log
trn2_3xl,broadcast,2,4,4,32768,510.845,0.064,0.064,,/Users/jburtoft/Documents/opencode/working/collective/task-010/logs/phase_c/lnc2_ws4/broadcast.log
trn2_3xl,broadcast,2,4,4,65536,510.006,0.129,0.129,,/Users/jburtoft/Documents/opencode/working/collective/task-010/logs/phase_c/lnc2_ws4/broadcast.log
trn2_3xl,broadcast,2,4,4,131072,572.034,0.229,0.229,,/Users/jburtoft/Documents/opencode/working/collective/task-010/logs/phase_c/lnc2_ws4/broadcast.log
trn2_3xl,broadcast,2,4,4,262144,510.92,0.513,0.513,,/Users/jburtoft/Documents/opencode/working/collective/task-010/logs/phase_c/lnc2_ws4/broadcast.log
trn2_3xl,broadcast,2,4,4,524288,593.827,0.883,0.883,,/Users/jburtoft/Documents/opencode/working/collective/task-010/logs/phase_c/lnc2_ws4/broadcast.log
trn2_3xl,broadcast,2,4,4,1048576,526.047,1.993,1.993,,/Users/jburtoft/Documents/opencode/working/collective/task-010/logs/phase_c/lnc2_ws4/broadcast.log
trn2_3xl,broadcast,2,4,4,2097152,528.389,3.969,3.969,,/Users/jburtoft/Documents/opencode/working/collective/task-010/logs/phase_c/lnc2_ws4/broadcast.log
trn2_3xl,broadcast,2,4,4,4194304,496.434,8.449,8.449,,/Users/jburtoft/Documents/opencode/working/collective/task-010/logs/phase_c/lnc2_ws4/broadcast.log
trn2_3xl,broadcast,2,4,4,8388608,584.462,14.353,14.353,,/Users/jburtoft/Documents/opencode/working/collective/task-010/logs/phase_c/lnc2_ws4/broadcast.log
trn2_3xl,broadcast,2,4,4,16777216,659.033,25.457,25.457,,/Users/jburtoft/Documents/opencode/working/collective/task-010/logs/phase_c/lnc2_ws4/broadcast.log
trn2_3xl,broadcast,2,4,4,33554432,888.634,37.76,37.76,,/Users/jburtoft/Documents/opencode/working/collective/task-010/logs/phase_c/lnc2_ws4/broadcast.log
trn2_3xl,broadcast,2,4,4,67108864,1524.253,44.027,44.027,,/Users/jburtoft/Documents/opencode/working/collective/task-010/logs/phase_c/lnc2_ws4/broadcast.log
trn2_3xl,broadcast,2,4,4,134217728,2415.27,55.57,55.57,,/Users/jburtoft/Documents/opencode/working/collective/task-010/logs/phase_c/lnc2_ws4/broadcast.log
trn2_3xl,broadcast,2,4,4,268435456,4648.594,57.746,57.746,,/Users/jburtoft/Documents/opencode/working/collective/task-010/logs/phase_c/lnc2_ws4/broadcast.log
trn2_3xl,broadcast,2,4,4,536870912,9134.687,58.773,58.773,,/Users/jburtoft/Documents/opencode/working/collective/task-010/logs/phase_c/lnc2_ws4/broadcast.log
trn2_3xl,broadcast,2,4,4,1073741824,22809.438,47.074,47.074,,/Users/jburtoft/Documents/opencode/working/collective/task-010/logs/phase_c/lnc2_ws4/broadcast.log
trn2_3xl,broadcast,2,4,4,2147483648,45259.823,47.448,47.448,,/Users/jburtoft/Documents/opencode/working/collective/task-010/logs/phase_c/lnc2_ws4/broadcast.log
trn2_3xl,reduce_scatter,2,4,4,64,346.356,0.0,0.0,,/Users/jburtoft/Documents/opencode/working/collective/task-010/logs/phase_c/lnc2_ws4/reduce_scatter.log
trn2_3xl,reduce_scatter,2,4,4,128,349.156,0.0,0.0,,/Users/jburtoft/Documents/opencode/working/collective/task-010/logs/phase_c/lnc2_ws4/reduce_scatter.log
trn2_3xl,reduce_scatter,2,4,4,256,308.284,0.001,0.001,,/Users/jburtoft/Documents/opencode/working/collective/task-010/logs/phase_c/lnc2_ws4/reduce_scatter.log
trn2_3xl,reduce_scatter,2,4,4,512,436.565,0.001,0.001,,/Users/jburtoft/Documents/opencode/working/collective/task-010/logs/phase_c/lnc2_ws4/reduce_scatter.log
trn2_3xl,reduce_scatter,2,4,4,1024,284.04,0.004,0.003,,/Users/jburtoft/Documents/opencode/working/collective/task-010/logs/phase_c/lnc2_ws4/reduce_scatter.log
trn2_3xl,reduce_scatter,2,4,4,2048,264.512,0.008,0.006,,/Users/jburtoft/Documents/opencode/working/collective/task-010/logs/phase_c/lnc2_ws4/reduce_scatter.log
trn2_3xl,reduce_scatter,2,4,4,4096,427.189,0.01,0.007,,/Users/jburtoft/Documents/opencode/working/collective/task-010/logs/phase_c/lnc2_ws4/reduce_scatter.log
trn2_3xl,reduce_scatter,2,4,4,8192,308.187,0.027,0.02,,/Users/jburtoft/Documents/opencode/working/collective/task-010/logs/phase_c/lnc2_ws4/reduce_scatter.log
trn2_3xl,reduce_scatter,2,4,4,16384,407.603,0.04,0.03,,/Users/jburtoft/Documents/opencode/working/collective/task-010/logs/phase_c/lnc2_ws4/reduce_scatter.log
trn2_3xl,reduce_scatter,2,4,4,32768,276.237,0.119,0.089,,/Users/jburtoft/Documents/opencode/working/collective/task-010/logs/phase_c/lnc2_ws4/reduce_scatter.log
trn2_3xl,reduce_scatter,2,4,4,65536,462.111,0.142,0.106,,/Users/jburtoft/Documents/opencode/working/collective/task-010/logs/phase_c/lnc2_ws4/reduce_scatter.log
trn2_3xl,reduce_scatter,2,4,4,131072,355.66,0.369,0.276,,/Users/jburtoft/Documents/opencode/working/collective/task-010/logs/phase_c/lnc2_ws4/reduce_scatter.log
trn2_3xl,reduce_scatter,2,4,4,262144,313.637,0.836,0.627,,/Users/jburtoft/Documents/opencode/working/collective/task-010/logs/phase_c/lnc2_ws4/reduce_scatter.log
trn2_3xl,reduce_scatter,2,4,4,524288,436.848,1.2,0.9,,/Users/jburtoft/Documents/opencode/working/collective/task-010/logs/phase_c/lnc2_ws4/reduce_scatter.log
trn2_3xl,reduce_scatter,2,4,4,1048576,269.013,3.898,2.923,,/Users/jburtoft/Documents/opencode/working/collective/task-010/logs/phase_c/lnc2_ws4/reduce_scatter.log
trn2_3xl,reduce_scatter,2,4,4,2097152,458.69,4.572,3.429,,/Users/jburtoft/Documents/opencode/working/collective/task-010/logs/phase_c/lnc2_ws4/reduce_scatter.log
trn2_3xl,reduce_scatter,2,4,4,4194304,440.918,9.513,7.135,,/Users/jburtoft/Documents/opencode/working/collective/task-010/logs/phase_c/lnc2_ws4/reduce_scatter.log
trn2_3xl,reduce_scatter,2,4,4,8388608,437.011,19.195,14.397,,/Users/jburtoft/Documents/opencode/working/collective/task-010/logs/phase_c/lnc2_ws4/reduce_scatter.log
trn2_3xl,reduce_scatter,2,4,4,16777216,389.266,43.1,32.325,,/Users/jburtoft/Documents/opencode/working/collective/task-010/logs/phase_c/lnc2_ws4/reduce_scatter.log
trn2_3xl,reduce_scatter,2,4,4,33554432,593.022,56.582,42.437,,/Users/jburtoft/Documents/opencode/working/collective/task-010/logs/phase_c/lnc2_ws4/reduce_scatter.log
trn2_3xl,reduce_scatter,2,4,4,67108864,987.453,67.962,50.971,,/Users/jburtoft/Documents/opencode/working/collective/task-010/logs/phase_c/lnc2_ws4/reduce_scatter.log
trn2_3xl,reduce_scatter,2,4,4,134217728,1787.85,75.072,56.304,,/Users/jburtoft/Documents/opencode/working/collective/task-010/logs/phase_c/lnc2_ws4/reduce_scatter.log
trn2_3xl,reduce_scatter,2,4,4,268435456,3294.12,81.489,61.117,,/Users/jburtoft/Documents/opencode/working/collective/task-010/logs/phase_c/lnc2_ws4/reduce_scatter.log
trn2_3xl,reduce_scatter,2,4,4,536870912,6868.648,78.163,58.622,,/Users/jburtoft/Documents/opencode/working/collective/task-010/logs/phase_c/lnc2_ws4/reduce_scatter.log
trn2_3xl,reduce_scatter,2,4,4,1073741824,18010.742,59.617,44.713,,/Users/jburtoft/Documents/opencode/working/collective/task-010/logs/phase_c/lnc2_ws4/reduce_scatter.log
trn2_3xl,reduce_scatter,2,4,4,2147483648,35987.93,59.672,44.754,,/Users/jburtoft/Documents/opencode/working/collective/task-010/logs/phase_c/lnc2_ws4/reduce_scatter.log
trn2_48xl_multi,all_reduce,2,4,4,32,762.993,0.0,0.0,726,/Users/jburtoft/Documents/opencode/working/collective/task-010/logs/phase_d/multi_node_726.out
trn2_48xl_multi,all_reduce,2,4,4,64,621.601,0.0,0.0,726,/Users/jburtoft/Documents/opencode/working/collective/task-010/logs/phase_d/multi_node_726.out
trn2_48xl_multi,all_reduce,2,4,4,128,645.983,0.0,0.0,726,/Users/jburtoft/Documents/opencode/working/collective/task-010/logs/phase_d/multi_node_726.out
trn2_48xl_multi,all_reduce,2,4,4,256,562.313,0.001,0.001,726,/Users/jburtoft/Documents/opencode/working/collective/task-010/logs/phase_d/multi_node_726.out
trn2_48xl_multi,all_reduce,2,4,4,512,737.962,0.001,0.001,726,/Users/jburtoft/Documents/opencode/working/collective/task-010/logs/phase_d/multi_node_726.out
trn2_48xl_multi,all_reduce,2,4,4,1024,698.762,0.003,0.002,726,/Users/jburtoft/Documents/opencode/working/collective/task-010/logs/phase_d/multi_node_726.out
trn2_48xl_multi,all_reduce,2,4,4,2048,715.726,0.006,0.004,726,/Users/jburtoft/Documents/opencode/working/collective/task-010/logs/phase_d/multi_node_726.out
trn2_48xl_multi,all_reduce,2,4,4,4096,851.166,0.01,0.007,726,/Users/jburtoft/Documents/opencode/working/collective/task-010/logs/phase_d/multi_node_726.out
trn2_48xl_multi,all_reduce,2,4,4,8192,765.647,0.021,0.016,726,/Users/jburtoft/Documents/opencode/working/collective/task-010/logs/phase_d/multi_node_726.out
trn2_48xl_multi,all_reduce,2,4,4,16384,608.578,0.054,0.04,726,/Users/jburtoft/Documents/opencode/working/collective/task-010/logs/phase_d/multi_node_726.out
trn2_48xl_multi,all_reduce,2,4,4,32768,662.429,0.099,0.074,726,/Users/jburtoft/Documents/opencode/working/collective/task-010/logs/phase_d/multi_node_726.out
trn2_48xl_multi,all_reduce,2,4,4,65536,742.183,0.177,0.132,726,/Users/jburtoft/Documents/opencode/working/collective/task-010/logs/phase_d/multi_node_726.out
trn2_48xl_multi,all_reduce,2,4,4,131072,650.605,0.403,0.302,726,/Users/jburtoft/Documents/opencode/working/collective/task-010/logs/phase_d/multi_node_726.out
trn2_48xl_multi,all_reduce,2,4,4,262144,777.754,0.674,0.506,726,/Users/jburtoft/Documents/opencode/working/collective/task-010/logs/phase_d/multi_node_726.out
trn2_48xl_multi,all_reduce,2,4,4,524288,752.414,1.394,1.045,726,/Users/jburtoft/Documents/opencode/working/collective/task-010/logs/phase_d/multi_node_726.out
trn2_48xl_multi,all_reduce,2,4,4,1048576,764.68,2.743,2.057,726,/Users/jburtoft/Documents/opencode/working/collective/task-010/logs/phase_d/multi_node_726.out
trn2_48xl_multi,all_reduce,2,4,4,2097152,802.222,5.228,3.921,726,/Users/jburtoft/Documents/opencode/working/collective/task-010/logs/phase_d/multi_node_726.out
trn2_48xl_multi,all_reduce,2,4,4,4194304,983.16,8.532,6.399,726,/Users/jburtoft/Documents/opencode/working/collective/task-010/logs/phase_d/multi_node_726.out
trn2_48xl_multi,all_reduce,2,4,4,8388608,1277.104,13.137,9.853,726,/Users/jburtoft/Documents/opencode/working/collective/task-010/logs/phase_d/multi_node_726.out
trn2_48xl_multi,all_reduce,2,4,4,16777216,1874.889,17.897,13.423,726,/Users/jburtoft/Documents/opencode/working/collective/task-010/logs/phase_d/multi_node_726.out
trn2_48xl_multi,all_reduce,2,4,4,33554432,3145.752,21.333,16.0,726,/Users/jburtoft/Documents/opencode/working/collective/task-010/logs/phase_d/multi_node_726.out
trn2_48xl_multi,all_reduce,2,8,8,64,1059.143,0.0,0.0,727,/Users/jburtoft/Documents/opencode/working/collective/task-010/logs/phase_d/multi_node_727.out
trn2_48xl_multi,all_reduce,2,8,8,128,1090.456,0.0,0.0,727,/Users/jburtoft/Documents/opencode/working/collective/task-010/logs/phase_d/multi_node_727.out
trn2_48xl_multi,all_reduce,2,8,8,256,1069.302,0.0,0.0,727,/Users/jburtoft/Documents/opencode/working/collective/task-010/logs/phase_d/multi_node_727.out
trn2_48xl_multi,all_reduce,2,8,8,512,1037.489,0.001,0.001,727,/Users/jburtoft/Documents/opencode/working/collective/task-010/logs/phase_d/multi_node_727.out
trn2_48xl_multi,all_reduce,2,8,8,1024,1135.147,0.002,0.002,727,/Users/jburtoft/Documents/opencode/working/collective/task-010/logs/phase_d/multi_node_727.out
trn2_48xl_multi,all_reduce,2,8,8,2048,1077.529,0.004,0.003,727,/Users/jburtoft/Documents/opencode/working/collective/task-010/logs/phase_d/multi_node_727.out
trn2_48xl_multi,all_reduce,2,8,8,4096,988.031,0.008,0.007,727,/Users/jburtoft/Documents/opencode/working/collective/task-010/logs/phase_d/multi_node_727.out
trn2_48xl_multi,all_reduce,2,8,8,8192,1038.452,0.016,0.014,727,/Users/jburtoft/Documents/opencode/working/collective/task-010/logs/phase_d/multi_node_727.out
trn2_48xl_multi,all_reduce,2,8,8,16384,772.921,0.042,0.037,727,/Users/jburtoft/Documents/opencode/working/collective/task-010/logs/phase_d/multi_node_727.out
trn2_48xl_multi,all_reduce,2,8,8,32768,795.143,0.082,0.072,727,/Users/jburtoft/Documents/opencode/working/collective/task-010/logs/phase_d/multi_node_727.out
trn2_48xl_multi,all_reduce,2,8,8,65536,963.033,0.136,0.119,727,/Users/jburtoft/Documents/opencode/working/collective/task-010/logs/phase_d/multi_node_727.out
trn2_48xl_multi,all_reduce,2,8,8,131072,917.916,0.286,0.25,727,/Users/jburtoft/Documents/opencode/working/collective/task-010/logs/phase_d/multi_node_727.out
trn2_48xl_multi,all_reduce,2,8,8,262144,867.108,0.605,0.529,727,/Users/jburtoft/Documents/opencode/working/collective/task-010/logs/phase_d/multi_node_727.out
trn2_48xl_multi,all_reduce,2,8,8,524288,955.389,1.098,0.96,727,/Users/jburtoft/Documents/opencode/working/collective/task-010/logs/phase_d/multi_node_727.out
trn2_48xl_multi,all_reduce,2,8,8,1048576,1156.238,1.814,1.587,727,/Users/jburtoft/Documents/opencode/working/collective/task-010/logs/phase_d/multi_node_727.out
trn2_48xl_multi,all_reduce,2,8,8,2097152,1224.62,3.425,2.997,727,/Users/jburtoft/Documents/opencode/working/collective/task-010/logs/phase_d/multi_node_727.out
trn2_48xl_multi,all_reduce,2,8,8,4194304,1472.231,5.698,4.986,727,/Users/jburtoft/Documents/opencode/working/collective/task-010/logs/phase_d/multi_node_727.out
trn2_48xl_multi,all_reduce,2,8,8,8388608,1723.57,9.734,8.517,727,/Users/jburtoft/Documents/opencode/working/collective/task-010/logs/phase_d/multi_node_727.out
trn2_48xl_multi,all_reduce,2,8,8,16777216,2081.663,16.119,14.104,727,/Users/jburtoft/Documents/opencode/working/collective/task-010/logs/phase_d/multi_node_727.out
trn2_48xl_multi,all_reduce,2,8,8,33554432,3424.555,19.596,17.147,727,/Users/jburtoft/Documents/opencode/working/collective/task-010/logs/phase_d/multi_node_727.out
trn2_48xl_multi,all_reduce,2,8,8,67108864,5477.787,24.502,21.439,727,/Users/jburtoft/Documents/opencode/working/collective/task-010/logs/phase_d/multi_node_727.out
trn2_48xl_multi,all_reduce,2,8,8,64,943.807,0.0,0.0,728,/Users/jburtoft/Documents/opencode/working/collective/task-010/logs/phase_d/multi_node_728.out
trn2_48xl_multi,all_reduce,2,8,8,128,922.555,0.0,0.0,728,/Users/jburtoft/Documents/opencode/working/collective/task-010/logs/phase_d/multi_node_728.out
trn2_48xl_multi,all_reduce,2,8,8,256,945.94,0.001,0.0,728,/Users/jburtoft/Documents/opencode/working/collective/task-010/logs/phase_d/multi_node_728.out
trn2_48xl_multi,all_reduce,2,8,8,512,980.478,0.001,0.001,728,/Users/jburtoft/Documents/opencode/working/collective/task-010/logs/phase_d/multi_node_728.out
trn2_48xl_multi,all_reduce,2,8,8,1024,928.034,0.002,0.002,728,/Users/jburtoft/Documents/opencode/working/collective/task-010/logs/phase_d/multi_node_728.out
trn2_48xl_multi,all_reduce,2,8,8,2048,976.733,0.004,0.004,728,/Users/jburtoft/Documents/opencode/working/collective/task-010/logs/phase_d/multi_node_728.out
trn2_48xl_multi,all_reduce,2,8,8,4096,947.985,0.009,0.008,728,/Users/jburtoft/Documents/opencode/working/collective/task-010/logs/phase_d/multi_node_728.out
trn2_48xl_multi,all_reduce,2,8,8,8192,946.993,0.017,0.015,728,/Users/jburtoft/Documents/opencode/working/collective/task-010/logs/phase_d/multi_node_728.out
trn2_48xl_multi,all_reduce,2,8,8,16384,933.225,0.035,0.031,728,/Users/jburtoft/Documents/opencode/working/collective/task-010/logs/phase_d/multi_node_728.out
trn2_48xl_multi,all_reduce,2,8,8,32768,930.857,0.07,0.062,728,/Users/jburtoft/Documents/opencode/working/collective/task-010/logs/phase_d/multi_node_728.out
trn2_48xl_multi,all_reduce,2,8,8,65536,977.824,0.134,0.117,728,/Users/jburtoft/Documents/opencode/working/collective/task-010/logs/phase_d/multi_node_728.out
trn2_48xl_multi,all_reduce,2,8,8,131072,986.418,0.266,0.233,728,/Users/jburtoft/Documents/opencode/working/collective/task-010/logs/phase_d/multi_node_728.out
trn2_48xl_multi,all_reduce,2,8,8,262144,954.514,0.549,0.481,728,/Users/jburtoft/Documents/opencode/working/collective/task-010/logs/phase_d/multi_node_728.out
trn2_48xl_multi,all_reduce,2,8,8,524288,955.988,1.097,0.96,728,/Users/jburtoft/Documents/opencode/working/collective/task-010/logs/phase_d/multi_node_728.out
trn2_48xl_multi,all_reduce,2,8,8,1048576,1095.182,1.915,1.676,728,/Users/jburtoft/Documents/opencode/working/collective/task-010/logs/phase_d/multi_node_728.out
trn2_48xl_multi,all_reduce,2,8,8,2097152,1008.809,4.158,3.638,728,/Users/jburtoft/Documents/opencode/working/collective/task-010/logs/phase_d/multi_node_728.out
trn2_48xl_multi,all_reduce,2,8,8,4194304,1056.812,7.938,6.945,728,/Users/jburtoft/Documents/opencode/working/collective/task-010/logs/phase_d/multi_node_728.out
trn2_48xl_multi,all_reduce,2,8,8,8388608,1367.959,12.264,10.731,728,/Users/jburtoft/Documents/opencode/working/collective/task-010/logs/phase_d/multi_node_728.out
trn2_48xl_multi,all_reduce,2,8,8,16777216,2000.13,16.776,14.679,728,/Users/jburtoft/Documents/opencode/working/collective/task-010/logs/phase_d/multi_node_728.out
trn2_48xl_multi,all_reduce,2,8,8,33554432,3065.614,21.891,19.154,728,/Users/jburtoft/Documents/opencode/working/collective/task-010/logs/phase_d/multi_node_728.out
trn2_48xl_multi,all_reduce,2,8,8,67108864,5412.821,24.796,21.697,728,/Users/jburtoft/Documents/opencode/working/collective/task-010/logs/phase_d/multi_node_728.out
trn2_48xl_multi,all_reduce,2,8,8,134217728,9980.304,26.897,23.534,728,/Users/jburtoft/Documents/opencode/working/collective/task-010/logs/phase_d/multi_node_728.out
trn2_48xl_multi,all_reduce,2,8,8,268435456,19589.682,27.406,23.98,728,/Users/jburtoft/Documents/opencode/working/collective/task-010/logs/phase_d/multi_node_728.out
trn2_48xl_multi,all_reduce,2,8,8,536870912,37161.308,28.894,25.282,728,/Users/jburtoft/Documents/opencode/working/collective/task-010/logs/phase_d/multi_node_728.out
trn2_48xl_multi,all_reduce,2,8,8,1073741824,71578.298,30.002,26.252,728,/Users/jburtoft/Documents/opencode/working/collective/task-010/logs/phase_d/multi_node_728.out
trn2_48xl_multi,all_reduce,2,8,8,2147483648,140610.205,30.545,26.727,728,/Users/jburtoft/Documents/opencode/working/collective/task-010/logs/phase_d/multi_node_728.out
trn2_48xl_multi,all_gather,2,8,8,64,1206.032,0.0,0.0,729,/Users/jburtoft/Documents/opencode/working/collective/task-010/logs/phase_d/multi_node_729.out
trn2_48xl_multi,all_gather,2,8,8,128,1180.421,0.001,0.001,729,/Users/jburtoft/Documents/opencode/working/collective/task-010/logs/phase_d/multi_node_729.out
trn2_48xl_multi,all_gather,2,8,8,256,1183.307,0.002,0.002,729,/Users/jburtoft/Documents/opencode/working/collective/task-010/logs/phase_d/multi_node_729.out
trn2_48xl_multi,all_gather,2,8,8,512,1189.062,0.003,0.003,729,/Users/jburtoft/Documents/opencode/working/collective/task-010/logs/phase_d/multi_node_729.out
trn2_48xl_multi,all_gather,2,8,8,1024,1195.328,0.007,0.006,729,/Users/jburtoft/Documents/opencode/working/collective/task-010/logs/phase_d/multi_node_729.out
trn2_48xl_multi,all_gather,2,8,8,2048,1211.069,0.014,0.012,729,/Users/jburtoft/Documents/opencode/working/collective/task-010/logs/phase_d/multi_node_729.out
trn2_48xl_multi,all_gather,2,8,8,4096,1151.658,0.028,0.025,729,/Users/jburtoft/Documents/opencode/working/collective/task-010/logs/phase_d/multi_node_729.out
trn2_48xl_multi,all_gather,2,8,8,8192,1156.937,0.057,0.05,729,/Users/jburtoft/Documents/opencode/working/collective/task-010/logs/phase_d/multi_node_729.out
trn2_48xl_multi,all_gather,2,8,8,16384,1152.97,0.114,0.099,729,/Users/jburtoft/Documents/opencode/working/collective/task-010/logs/phase_d/multi_node_729.out
trn2_48xl_multi,all_gather,2,8,8,32768,1242.296,0.211,0.185,729,/Users/jburtoft/Documents/opencode/working/collective/task-010/logs/phase_d/multi_node_729.out
trn2_48xl_multi,all_gather,2,8,8,65536,1273.634,0.412,0.36,729,/Users/jburtoft/Documents/opencode/working/collective/task-010/logs/phase_d/multi_node_729.out
trn2_48xl_multi,all_gather,2,8,8,131072,1206.739,0.869,0.76,729,/Users/jburtoft/Documents/opencode/working/collective/task-010/logs/phase_d/multi_node_729.out
trn2_48xl_multi,all_gather,2,8,8,262144,1225.775,1.711,1.497,729,/Users/jburtoft/Documents/opencode/working/collective/task-010/logs/phase_d/multi_node_729.out
trn2_48xl_multi,all_gather,2,8,8,524288,1222.5,3.431,3.002,729,/Users/jburtoft/Documents/opencode/working/collective/task-010/logs/phase_d/multi_node_729.out
trn2_48xl_multi,all_gather,2,8,8,1048576,1331.829,6.299,5.511,729,/Users/jburtoft/Documents/opencode/working/collective/task-010/logs/phase_d/multi_node_729.out
trn2_48xl_multi,all_gather,2,8,8,2097152,1534.434,10.934,9.567,729,/Users/jburtoft/Documents/opencode/working/collective/task-010/logs/phase_d/multi_node_729.out
trn2_48xl_multi,all_gather,2,8,8,4194304,2030.578,16.525,14.459,729,/Users/jburtoft/Documents/opencode/working/collective/task-010/logs/phase_d/multi_node_729.out
trn2_48xl_multi,all_gather,2,8,8,8388608,3087.583,21.735,19.018,729,/Users/jburtoft/Documents/opencode/working/collective/task-010/logs/phase_d/multi_node_729.out
trn2_48xl_multi,all_gather,2,8,8,16777216,5530.733,24.268,21.234,729,/Users/jburtoft/Documents/opencode/working/collective/task-010/logs/phase_d/multi_node_729.out
trn2_48xl_multi,all_gather,2,8,8,33554432,9731.997,27.583,24.135,729,/Users/jburtoft/Documents/opencode/working/collective/task-010/logs/phase_d/multi_node_729.out
trn2_48xl_multi,all_gather,2,8,8,67108864,18059.085,29.729,26.013,729,/Users/jburtoft/Documents/opencode/working/collective/task-010/logs/phase_d/multi_node_729.out
trn2_48xl_multi,all_gather,2,8,8,134217728,36171.042,29.685,25.974,729,/Users/jburtoft/Documents/opencode/working/collective/task-010/logs/phase_d/multi_node_729.out
trn2_48xl_multi,all_gather,2,8,8,268435456,71991.759,29.83,26.101,729,/Users/jburtoft/Documents/opencode/working/collective/task-010/logs/phase_d/multi_node_729.out
trn2_48xl_multi,all_gather,2,8,8,536870912,144074.844,29.811,26.084,729,/Users/jburtoft/Documents/opencode/working/collective/task-010/logs/phase_d/multi_node_729.out
trn2_48xl_multi,all_gather,2,8,8,1073741824,287103.882,29.919,26.179,729,/Users/jburtoft/Documents/opencode/working/collective/task-010/logs/phase_d/multi_node_729.out
trn2_48xl_multi,reduce_scatter,2,8,8,256,1000.645,0.0,0.0,730,/Users/jburtoft/Documents/opencode/working/collective/task-010/logs/phase_d/multi_node_730.out
trn2_48xl_multi,reduce_scatter,2,8,8,512,999.662,0.001,0.0,730,/Users/jburtoft/Documents/opencode/working/collective/task-010/logs/phase_d/multi_node_730.out
trn2_48xl_multi,reduce_scatter,2,8,8,1024,922.527,0.001,0.001,730,/Users/jburtoft/Documents/opencode/working/collective/task-010/logs/phase_d/multi_node_730.out
trn2_48xl_multi,reduce_scatter,2,8,8,2048,965.364,0.002,0.002,730,/Users/jburtoft/Documents/opencode/working/collective/task-010/logs/phase_d/multi_node_730.out
trn2_48xl_multi,reduce_scatter,2,8,8,4096,1010.89,0.004,0.004,730,/Users/jburtoft/Documents/opencode/working/collective/task-010/logs/phase_d/multi_node_730.out
trn2_48xl_multi,reduce_scatter,2,8,8,8192,1015.185,0.008,0.007,730,/Users/jburtoft/Documents/opencode/working/collective/task-010/logs/phase_d/multi_node_730.out
trn2_48xl_multi,reduce_scatter,2,8,8,16384,1006.87,0.016,0.014,730,/Users/jburtoft/Documents/opencode/working/collective/task-010/logs/phase_d/multi_node_730.out
trn2_48xl_multi,reduce_scatter,2,8,8,32768,948.79,0.035,0.03,730,/Users/jburtoft/Documents/opencode/working/collective/task-010/logs/phase_d/multi_node_730.out
trn2_48xl_multi,reduce_scatter,2,8,8,65536,984.932,0.067,0.058,730,/Users/jburtoft/Documents/opencode/working/collective/task-010/logs/phase_d/multi_node_730.out
trn2_48xl_multi,reduce_scatter,2,8,8,131072,965.435,0.136,0.119,730,/Users/jburtoft/Documents/opencode/working/collective/task-010/logs/phase_d/multi_node_730.out
trn2_48xl_multi,reduce_scatter,2,8,8,262144,994.113,0.264,0.231,730,/Users/jburtoft/Documents/opencode/working/collective/task-010/logs/phase_d/multi_node_730.out
trn2_48xl_multi,reduce_scatter,2,8,8,524288,1008.191,0.52,0.455,730,/Users/jburtoft/Documents/opencode/working/collective/task-010/logs/phase_d/multi_node_730.out
trn2_48xl_multi,reduce_scatter,2,8,8,1048576,997.367,1.051,0.92,730,/Users/jburtoft/Documents/opencode/working/collective/task-010/logs/phase_d/multi_node_730.out
trn2_48xl_multi,reduce_scatter,2,8,8,2097152,1000.639,2.096,1.834,730,/Users/jburtoft/Documents/opencode/working/collective/task-010/logs/phase_d/multi_node_730.out
trn2_48xl_multi,reduce_scatter,2,8,8,4194304,1014.292,4.135,3.618,730,/Users/jburtoft/Documents/opencode/working/collective/task-010/logs/phase_d/multi_node_730.out
trn2_48xl_multi,reduce_scatter,2,8,8,8388608,1239.391,6.768,5.922,730,/Users/jburtoft/Documents/opencode/working/collective/task-010/logs/phase_d/multi_node_730.out
trn2_48xl_multi,reduce_scatter,2,8,8,16777216,1483.644,11.308,9.895,730,/Users/jburtoft/Documents/opencode/working/collective/task-010/logs/phase_d/multi_node_730.out
trn2_48xl_multi,reduce_scatter,2,8,8,33554432,2001.986,16.761,14.666,730,/Users/jburtoft/Documents/opencode/working/collective/task-010/logs/phase_d/multi_node_730.out
trn2_48xl_multi,reduce_scatter,2,8,8,67108864,3163.094,21.216,18.564,730,/Users/jburtoft/Documents/opencode/working/collective/task-010/logs/phase_d/multi_node_730.out
trn2_48xl_multi,reduce_scatter,2,8,8,134217728,5524.895,24.293,21.257,730,/Users/jburtoft/Documents/opencode/working/collective/task-010/logs/phase_d/multi_node_730.out
trn2_48xl_multi,reduce_scatter,2,8,8,268435456,9928.095,27.038,23.658,730,/Users/jburtoft/Documents/opencode/working/collective/task-010/logs/phase_d/multi_node_730.out
trn2_48xl_multi,reduce_scatter,2,8,8,536870912,19545.001,27.468,24.035,730,/Users/jburtoft/Documents/opencode/working/collective/task-010/logs/phase_d/multi_node_730.out
trn2_48xl_multi,reduce_scatter,2,8,8,1073741824,41390.581,25.942,22.699,730,/Users/jburtoft/Documents/opencode/working/collective/task-010/logs/phase_d/multi_node_730.out
trn2_48xl_multi,reduce_scatter,2,8,8,2147483648,82466.875,26.041,22.785,730,/Users/jburtoft/Documents/opencode/working/collective/task-010/logs/phase_d/multi_node_730.out
trn2_48xl_multi,broadcast,2,8,8,64,1126.742,0.0,0.0,732,/Users/jburtoft/Documents/opencode/working/collective/task-010/logs/phase_d/multi_node_732.out
trn2_48xl_multi,broadcast,2,8,8,128,1124.553,0.0,0.0,732,/Users/jburtoft/Documents/opencode/working/collective/task-010/logs/phase_d/multi_node_732.out
trn2_48xl_multi,broadcast,2,8,8,256,1099.84,0.0,0.0,732,/Users/jburtoft/Documents/opencode/working/collective/task-010/logs/phase_d/multi_node_732.out
trn2_48xl_multi,broadcast,2,8,8,512,1053.742,0.0,0.0,732,/Users/jburtoft/Documents/opencode/working/collective/task-010/logs/phase_d/multi_node_732.out
trn2_48xl_multi,broadcast,2,8,8,1024,1050.73,0.001,0.001,732,/Users/jburtoft/Documents/opencode/working/collective/task-010/logs/phase_d/multi_node_732.out
trn2_48xl_multi,broadcast,2,8,8,2048,1025.03,0.002,0.002,732,/Users/jburtoft/Documents/opencode/working/collective/task-010/logs/phase_d/multi_node_732.out
trn2_48xl_multi,broadcast,2,8,8,4096,1110.989,0.004,0.004,732,/Users/jburtoft/Documents/opencode/working/collective/task-010/logs/phase_d/multi_node_732.out
trn2_48xl_multi,broadcast,2,8,8,8192,1051.675,0.008,0.008,732,/Users/jburtoft/Documents/opencode/working/collective/task-010/logs/phase_d/multi_node_732.out
trn2_48xl_multi,broadcast,2,8,8,16384,1018.2,0.016,0.016,732,/Users/jburtoft/Documents/opencode/working/collective/task-010/logs/phase_d/multi_node_732.out
trn2_48xl_multi,broadcast,2,8,8,32768,1039.403,0.032,0.032,732,/Users/jburtoft/Documents/opencode/working/collective/task-010/logs/phase_d/multi_node_732.out
trn2_48xl_multi,broadcast,2,8,8,65536,1014.515,0.065,0.065,732,/Users/jburtoft/Documents/opencode/working/collective/task-010/logs/phase_d/multi_node_732.out
trn2_48xl_multi,broadcast,2,8,8,131072,1018.815,0.129,0.129,732,/Users/jburtoft/Documents/opencode/working/collective/task-010/logs/phase_d/multi_node_732.out
trn2_48xl_multi,broadcast,2,8,8,262144,1098.573,0.239,0.239,732,/Users/jburtoft/Documents/opencode/working/collective/task-010/logs/phase_d/multi_node_732.out
trn2_48xl_multi,broadcast,2,8,8,524288,1063.817,0.493,0.493,732,/Users/jburtoft/Documents/opencode/working/collective/task-010/logs/phase_d/multi_node_732.out
trn2_48xl_multi,broadcast,2,8,8,1048576,1155.678,0.907,0.907,732,/Users/jburtoft/Documents/opencode/working/collective/task-010/logs/phase_d/multi_node_732.out
trn2_48xl_multi,broadcast,2,8,8,2097152,1140.243,1.839,1.839,732,/Users/jburtoft/Documents/opencode/working/collective/task-010/logs/phase_d/multi_node_732.out
trn2_48xl_multi,broadcast,2,8,8,4194304,1273.82,3.293,3.293,732,/Users/jburtoft/Documents/opencode/working/collective/task-010/logs/phase_d/multi_node_732.out
trn2_48xl_multi,broadcast,2,8,8,8388608,1542.178,5.439,5.439,732,/Users/jburtoft/Documents/opencode/working/collective/task-010/logs/phase_d/multi_node_732.out
trn2_48xl_multi,broadcast,2,8,8,16777216,2092.121,8.019,8.019,732,/Users/jburtoft/Documents/opencode/working/collective/task-010/logs/phase_d/multi_node_732.out
trn2_48xl_multi,broadcast,2,8,8,33554432,3243.712,10.344,10.344,732,/Users/jburtoft/Documents/opencode/working/collective/task-010/logs/phase_d/multi_node_732.out
trn2_48xl_multi,broadcast,2,8,8,67108864,5535.246,12.124,12.124,732,/Users/jburtoft/Documents/opencode/working/collective/task-010/logs/phase_d/multi_node_732.out
trn2_48xl_multi,broadcast,2,8,8,134217728,10103.372,13.284,13.284,732,/Users/jburtoft/Documents/opencode/working/collective/task-010/logs/phase_d/multi_node_732.out
trn2_48xl_multi,broadcast,2,8,8,268435456,19886.97,13.498,13.498,732,/Users/jburtoft/Documents/opencode/working/collective/task-010/logs/phase_d/multi_node_732.out
trn2_48xl_multi,broadcast,2,8,8,536870912,37873.894,14.175,14.175,732,/Users/jburtoft/Documents/opencode/working/collective/task-010/logs/phase_d/multi_node_732.out
trn2_48xl_multi,broadcast,2,8,8,1073741824,73289.535,14.651,14.651,732,/Users/jburtoft/Documents/opencode/working/collective/task-010/logs/phase_d/multi_node_732.out
trn2_48xl_multi,broadcast,2,8,8,2147483648,145566.048,14.753,14.753,732,/Users/jburtoft/Documents/opencode/working/collective/task-010/logs/phase_d/multi_node_732.out
trn2_48xl_single,all_reduce,2,8,8,64,1052.069,0.0,0.0,663,/Users/jburtoft/Documents/opencode/working/collective/task-010/logs/phase_d/single_node_663.out
trn2_48xl_single,all_reduce,2,8,8,128,961.076,0.0,0.0,663,/Users/jburtoft/Documents/opencode/working/collective/task-010/logs/phase_d/single_node_663.out
trn2_48xl_single,all_reduce,2,8,8,256,969.469,0.001,0.0,663,/Users/jburtoft/Documents/opencode/working/collective/task-010/logs/phase_d/single_node_663.out
trn2_48xl_single,all_reduce,2,8,8,512,1023.491,0.001,0.001,663,/Users/jburtoft/Documents/opencode/working/collective/task-010/logs/phase_d/single_node_663.out
trn2_48xl_single,all_reduce,2,8,8,1024,984.172,0.002,0.002,663,/Users/jburtoft/Documents/opencode/working/collective/task-010/logs/phase_d/single_node_663.out
trn2_48xl_single,all_reduce,2,8,8,2048,1017.862,0.004,0.004,663,/Users/jburtoft/Documents/opencode/working/collective/task-010/logs/phase_d/single_node_663.out
trn2_48xl_single,all_reduce,2,8,8,4096,995.862,0.008,0.007,663,/Users/jburtoft/Documents/opencode/working/collective/task-010/logs/phase_d/single_node_663.out
trn2_48xl_single,all_reduce,2,8,8,8192,1048.734,0.016,0.014,663,/Users/jburtoft/Documents/opencode/working/collective/task-010/logs/phase_d/single_node_663.out
trn2_48xl_single,all_reduce,2,8,8,16384,1003.278,0.033,0.029,663,/Users/jburtoft/Documents/opencode/working/collective/task-010/logs/phase_d/single_node_663.out
trn2_48xl_single,all_reduce,2,8,8,32768,1040.929,0.063,0.055,663,/Users/jburtoft/Documents/opencode/working/collective/task-010/logs/phase_d/single_node_663.out
trn2_48xl_single,all_reduce,2,8,8,65536,1011.751,0.13,0.113,663,/Users/jburtoft/Documents/opencode/working/collective/task-010/logs/phase_d/single_node_663.out
trn2_48xl_single,all_reduce,2,8,8,131072,995.311,0.263,0.23,663,/Users/jburtoft/Documents/opencode/working/collective/task-010/logs/phase_d/single_node_663.out
trn2_48xl_single,all_reduce,2,8,8,262144,981.914,0.534,0.467,663,/Users/jburtoft/Documents/opencode/working/collective/task-010/logs/phase_d/single_node_663.out
trn2_48xl_single,all_reduce,2,8,8,524288,1013.899,1.034,0.905,663,/Users/jburtoft/Documents/opencode/working/collective/task-010/logs/phase_d/single_node_663.out
trn2_48xl_single,all_reduce,2,8,8,1048576,1006.584,2.083,1.823,663,/Users/jburtoft/Documents/opencode/working/collective/task-010/logs/phase_d/single_node_663.out
trn2_48xl_single,all_reduce,2,8,8,2097152,1069.076,3.923,3.433,663,/Users/jburtoft/Documents/opencode/working/collective/task-010/logs/phase_d/single_node_663.out
trn2_48xl_single,all_reduce,2,8,8,4194304,1028.284,8.158,7.138,663,/Users/jburtoft/Documents/opencode/working/collective/task-010/logs/phase_d/single_node_663.out
trn2_48xl_single,all_reduce,2,8,8,8388608,1016.141,16.511,14.447,663,/Users/jburtoft/Documents/opencode/working/collective/task-010/logs/phase_d/single_node_663.out
trn2_48xl_single,all_reduce,2,8,8,16777216,1243.713,26.979,23.607,663,/Users/jburtoft/Documents/opencode/working/collective/task-010/logs/phase_d/single_node_663.out
trn2_48xl_single,all_reduce,2,8,8,33554432,1617.172,41.498,36.31,663,/Users/jburtoft/Documents/opencode/working/collective/task-010/logs/phase_d/single_node_663.out
trn2_48xl_single,all_reduce,2,8,8,67108864,2304.925,58.231,50.952,663,/Users/jburtoft/Documents/opencode/working/collective/task-010/logs/phase_d/single_node_663.out
trn2_48xl_single,all_reduce,2,8,8,64,1010.845,0.0,0.0,664,/Users/jburtoft/Documents/opencode/working/collective/task-010/logs/phase_d/single_node_664.out
trn2_48xl_single,all_reduce,2,8,8,128,991.246,0.0,0.0,664,/Users/jburtoft/Documents/opencode/working/collective/task-010/logs/phase_d/single_node_664.out
trn2_48xl_single,all_reduce,2,8,8,256,1032.507,0.0,0.0,664,/Users/jburtoft/Documents/opencode/working/collective/task-010/logs/phase_d/single_node_664.out
trn2_48xl_single,all_reduce,2,8,8,512,991.523,0.001,0.001,664,/Users/jburtoft/Documents/opencode/working/collective/task-010/logs/phase_d/single_node_664.out
trn2_48xl_single,all_reduce,2,8,8,1024,983.227,0.002,0.002,664,/Users/jburtoft/Documents/opencode/working/collective/task-010/logs/phase_d/single_node_664.out
trn2_48xl_single,all_reduce,2,8,8,2048,1013.614,0.004,0.004,664,/Users/jburtoft/Documents/opencode/working/collective/task-010/logs/phase_d/single_node_664.out
trn2_48xl_single,all_reduce,2,8,8,4096,952.905,0.009,0.008,664,/Users/jburtoft/Documents/opencode/working/collective/task-010/logs/phase_d/single_node_664.out
trn2_48xl_single,all_reduce,2,8,8,8192,980.96,0.017,0.015,664,/Users/jburtoft/Documents/opencode/working/collective/task-010/logs/phase_d/single_node_664.out
trn2_48xl_single,all_reduce,2,8,8,16384,934.56,0.035,0.031,664,/Users/jburtoft/Documents/opencode/working/collective/task-010/logs/phase_d/single_node_664.out
trn2_48xl_single,all_reduce,2,8,8,32768,981.696,0.067,0.058,664,/Users/jburtoft/Documents/opencode/working/collective/task-010/logs/phase_d/single_node_664.out
trn2_48xl_single,all_reduce,2,8,8,65536,995.243,0.132,0.115,664,/Users/jburtoft/Documents/opencode/working/collective/task-010/logs/phase_d/single_node_664.out
trn2_48xl_single,all_reduce,2,8,8,131072,999.444,0.262,0.23,664,/Users/jburtoft/Documents/opencode/working/collective/task-010/logs/phase_d/single_node_664.out
trn2_48xl_single,all_reduce,2,8,8,262144,962.807,0.545,0.476,664,/Users/jburtoft/Documents/opencode/working/collective/task-010/logs/phase_d/single_node_664.out
trn2_48xl_single,all_reduce,2,8,8,524288,1005.055,1.043,0.913,664,/Users/jburtoft/Documents/opencode/working/collective/task-010/logs/phase_d/single_node_664.out
trn2_48xl_single,all_reduce,2,8,8,1048576,1010.298,2.076,1.816,664,/Users/jburtoft/Documents/opencode/working/collective/task-010/logs/phase_d/single_node_664.out
trn2_48xl_single,all_reduce,2,8,8,2097152,1023.847,4.097,3.585,664,/Users/jburtoft/Documents/opencode/working/collective/task-010/logs/phase_d/single_node_664.out
trn2_48xl_single,all_reduce,2,8,8,4194304,1146.583,7.316,6.402,664,/Users/jburtoft/Documents/opencode/working/collective/task-010/logs/phase_d/single_node_664.out
trn2_48xl_single,all_reduce,2,8,8,8388608,1004.352,16.705,14.616,664,/Users/jburtoft/Documents/opencode/working/collective/task-010/logs/phase_d/single_node_664.out
trn2_48xl_single,all_reduce,2,8,8,16777216,1061.938,31.597,27.648,664,/Users/jburtoft/Documents/opencode/working/collective/task-010/logs/phase_d/single_node_664.out
trn2_48xl_single,all_reduce,2,8,8,33554432,1572.423,42.679,37.344,664,/Users/jburtoft/Documents/opencode/working/collective/task-010/logs/phase_d/single_node_664.out
trn2_48xl_single,all_reduce,2,8,8,67108864,2255.116,59.517,52.077,664,/Users/jburtoft/Documents/opencode/working/collective/task-010/logs/phase_d/single_node_664.out
trn2_48xl_single,all_reduce,2,8,8,134217728,3681.343,72.918,63.803,664,/Users/jburtoft/Documents/opencode/working/collective/task-010/logs/phase_d/single_node_664.out
trn2_48xl_single,all_reduce,2,8,8,268435456,6712.771,79.978,69.98,664,/Users/jburtoft/Documents/opencode/working/collective/task-010/logs/phase_d/single_node_664.out
trn2_48xl_single,all_reduce,2,8,8,536870912,12528.122,85.707,74.993,664,/Users/jburtoft/Documents/opencode/working/collective/task-010/logs/phase_d/single_node_664.out
trn2_48xl_single,all_reduce,2,8,8,1073741824,24497.858,87.66,76.703,664,/Users/jburtoft/Documents/opencode/working/collective/task-010/logs/phase_d/single_node_664.out
trn2_48xl_single,all_reduce,2,8,8,2147483648,48815.219,87.984,76.986,664,/Users/jburtoft/Documents/opencode/working/collective/task-010/logs/phase_d/single_node_664.out
trn2_48xl_single,all_gather,2,8,8,64,1096.083,0.0,0.0,665,/Users/jburtoft/Documents/opencode/working/collective/task-010/logs/phase_d/single_node_665.out
trn2_48xl_single,all_gather,2,8,8,128,1017.613,0.001,0.001,665,/Users/jburtoft/Documents/opencode/working/collective/task-010/logs/phase_d/single_node_665.out
trn2_48xl_single,all_gather,2,8,8,256,1051.209,0.002,0.002,665,/Users/jburtoft/Documents/opencode/working/collective/task-010/logs/phase_d/single_node_665.out
trn2_48xl_single,all_gather,2,8,8,512,1044.774,0.004,0.003,665,/Users/jburtoft/Documents/opencode/working/collective/task-010/logs/phase_d/single_node_665.out
trn2_48xl_single,all_gather,2,8,8,1024,1043.346,0.008,0.007,665,/Users/jburtoft/Documents/opencode/working/collective/task-010/logs/phase_d/single_node_665.out
trn2_48xl_single,all_gather,2,8,8,2048,1034.139,0.016,0.014,665,/Users/jburtoft/Documents/opencode/working/collective/task-010/logs/phase_d/single_node_665.out
trn2_48xl_single,all_gather,2,8,8,4096,1053.942,0.031,0.027,665,/Users/jburtoft/Documents/opencode/working/collective/task-010/logs/phase_d/single_node_665.out
trn2_48xl_single,all_gather,2,8,8,8192,1030.422,0.064,0.056,665,/Users/jburtoft/Documents/opencode/working/collective/task-010/logs/phase_d/single_node_665.out
trn2_48xl_single,all_gather,2,8,8,16384,1009.562,0.13,0.114,665,/Users/jburtoft/Documents/opencode/working/collective/task-010/logs/phase_d/single_node_665.out
trn2_48xl_single,all_gather,2,8,8,32768,1020.646,0.257,0.225,665,/Users/jburtoft/Documents/opencode/working/collective/task-010/logs/phase_d/single_node_665.out
trn2_48xl_single,all_gather,2,8,8,65536,1004.668,0.522,0.457,665,/Users/jburtoft/Documents/opencode/working/collective/task-010/logs/phase_d/single_node_665.out
trn2_48xl_single,all_gather,2,8,8,131072,1024.654,1.023,0.895,665,/Users/jburtoft/Documents/opencode/working/collective/task-010/logs/phase_d/single_node_665.out
trn2_48xl_single,all_gather,2,8,8,262144,1050.9,1.996,1.746,665,/Users/jburtoft/Documents/opencode/working/collective/task-010/logs/phase_d/single_node_665.out
trn2_48xl_single,all_gather,2,8,8,524288,1019.669,4.113,3.599,665,/Users/jburtoft/Documents/opencode/working/collective/task-010/logs/phase_d/single_node_665.out
trn2_48xl_single,all_gather,2,8,8,1048576,1023.601,8.195,7.171,665,/Users/jburtoft/Documents/opencode/working/collective/task-010/logs/phase_d/single_node_665.out
trn2_48xl_single,all_gather,2,8,8,2097152,1204.598,13.928,12.187,665,/Users/jburtoft/Documents/opencode/working/collective/task-010/logs/phase_d/single_node_665.out
trn2_48xl_single,all_gather,2,8,8,4194304,1105.909,30.341,26.548,665,/Users/jburtoft/Documents/opencode/working/collective/task-010/logs/phase_d/single_node_665.out
trn2_48xl_single,all_gather,2,8,8,8388608,1470.721,45.63,39.926,665,/Users/jburtoft/Documents/opencode/working/collective/task-010/logs/phase_d/single_node_665.out
trn2_48xl_single,all_gather,2,8,8,16777216,2096.266,64.027,56.024,665,/Users/jburtoft/Documents/opencode/working/collective/task-010/logs/phase_d/single_node_665.out
trn2_48xl_single,all_gather,2,8,8,33554432,3521.168,76.235,66.705,665,/Users/jburtoft/Documents/opencode/working/collective/task-010/logs/phase_d/single_node_665.out
trn2_48xl_single,all_gather,2,8,8,67108864,6419.831,83.627,73.174,665,/Users/jburtoft/Documents/opencode/working/collective/task-010/logs/phase_d/single_node_665.out
trn2_48xl_single,all_gather,2,8,8,134217728,12816.082,83.781,73.308,665,/Users/jburtoft/Documents/opencode/working/collective/task-010/logs/phase_d/single_node_665.out
trn2_48xl_single,all_gather,2,8,8,268435456,25549.691,84.051,73.545,665,/Users/jburtoft/Documents/opencode/working/collective/task-010/logs/phase_d/single_node_665.out
trn2_48xl_single,all_gather,2,8,8,536870912,50289.375,85.405,74.729,665,/Users/jburtoft/Documents/opencode/working/collective/task-010/logs/phase_d/single_node_665.out
trn2_48xl_single,all_gather,2,8,8,1073741824,99378.16,86.437,75.632,665,/Users/jburtoft/Documents/opencode/working/collective/task-010/logs/phase_d/single_node_665.out
trn2_48xl_single,reduce_scatter,2,8,8,256,198.127,0.001,0.001,666,/Users/jburtoft/Documents/opencode/working/collective/task-010/logs/phase_d/single_node_666.out
trn2_48xl_single,reduce_scatter,2,8,8,512,197.722,0.003,0.002,666,/Users/jburtoft/Documents/opencode/working/collective/task-010/logs/phase_d/single_node_666.out
trn2_48xl_single,reduce_scatter,2,8,8,1024,197.95,0.005,0.005,666,/Users/jburtoft/Documents/opencode/working/collective/task-010/logs/phase_d/single_node_666.out
trn2_48xl_single,reduce_scatter,2,8,8,2048,193.108,0.011,0.009,666,/Users/jburtoft/Documents/opencode/working/collective/task-010/logs/phase_d/single_node_666.out
trn2_48xl_single,reduce_scatter,2,8,8,4096,194.154,0.021,0.018,666,/Users/jburtoft/Documents/opencode/working/collective/task-010/logs/phase_d/single_node_666.out
trn2_48xl_single,reduce_scatter,2,8,8,8192,239.992,0.034,0.03,666,/Users/jburtoft/Documents/opencode/working/collective/task-010/logs/phase_d/single_node_666.out
trn2_48xl_single,reduce_scatter,2,8,8,16384,199.182,0.082,0.072,666,/Users/jburtoft/Documents/opencode/working/collective/task-010/logs/phase_d/single_node_666.out
trn2_48xl_single,reduce_scatter,2,8,8,32768,219.169,0.15,0.131,666,/Users/jburtoft/Documents/opencode/working/collective/task-010/logs/phase_d/single_node_666.out
trn2_48xl_single,reduce_scatter,2,8,8,65536,200.313,0.327,0.286,666,/Users/jburtoft/Documents/opencode/working/collective/task-010/logs/phase_d/single_node_666.out
trn2_48xl_single,reduce_scatter,2,8,8,131072,195.855,0.669,0.586,666,/Users/jburtoft/Documents/opencode/working/collective/task-010/logs/phase_d/single_node_666.out
trn2_48xl_single,reduce_scatter,2,8,8,262144,214.229,1.224,1.071,666,/Users/jburtoft/Documents/opencode/working/collective/task-010/logs/phase_d/single_node_666.out
trn2_48xl_single,reduce_scatter,2,8,8,524288,201.79,2.598,2.273,666,/Users/jburtoft/Documents/opencode/working/collective/task-010/logs/phase_d/single_node_666.out
trn2_48xl_single,reduce_scatter,2,8,8,1048576,203.065,5.164,4.518,666,/Users/jburtoft/Documents/opencode/working/collective/task-010/logs/phase_d/single_node_666.out
trn2_48xl_single,reduce_scatter,2,8,8,2097152,210.649,9.956,8.711,666,/Users/jburtoft/Documents/opencode/working/collective/task-010/logs/phase_d/single_node_666.out
trn2_48xl_single,reduce_scatter,2,8,8,4194304,227.616,18.427,16.124,666,/Users/jburtoft/Documents/opencode/working/collective/task-010/logs/phase_d/single_node_666.out
trn2_48xl_single,reduce_scatter,2,8,8,8388608,280.191,29.939,26.197,666,/Users/jburtoft/Documents/opencode/working/collective/task-010/logs/phase_d/single_node_666.out
trn2_48xl_single,reduce_scatter,2,8,8,16777216,392.848,42.707,37.368,666,/Users/jburtoft/Documents/opencode/working/collective/task-010/logs/phase_d/single_node_666.out
trn2_48xl_single,reduce_scatter,2,8,8,33554432,585.613,57.298,50.136,666,/Users/jburtoft/Documents/opencode/working/collective/task-010/logs/phase_d/single_node_666.out
trn2_48xl_single,reduce_scatter,2,8,8,67108864,1017.174,65.976,57.729,666,/Users/jburtoft/Documents/opencode/working/collective/task-010/logs/phase_d/single_node_666.out
trn2_48xl_single,reduce_scatter,2,8,8,134217728,1888.119,71.085,62.2,666,/Users/jburtoft/Documents/opencode/working/collective/task-010/logs/phase_d/single_node_666.out
trn2_48xl_single,reduce_scatter,2,8,8,268435456,3549.742,75.621,66.168,666,/Users/jburtoft/Documents/opencode/working/collective/task-010/logs/phase_d/single_node_666.out
trn2_48xl_single,reduce_scatter,2,8,8,536870912,6930.697,77.463,67.78,666,/Users/jburtoft/Documents/opencode/working/collective/task-010/logs/phase_d/single_node_666.out
trn2_48xl_single,reduce_scatter,2,8,8,1073741824,17311.209,62.026,54.273,666,/Users/jburtoft/Documents/opencode/working/collective/task-010/logs/phase_d/single_node_666.out
trn2_48xl_single,reduce_scatter,2,8,8,2147483648,34706.004,61.876,54.142,666,/Users/jburtoft/Documents/opencode/working/collective/task-010/logs/phase_d/single_node_666.out
trn2_48xl_single,reduce_scatter,2,8,8,4294967296,69419.566,61.87,54.136,666,/Users/jburtoft/Documents/opencode/working/collective/task-010/logs/phase_d/single_node_666.out
trn2_48xl_single,alltoall,2,8,8,64,1273.792,0.0,0.0,667,/Users/jburtoft/Documents/opencode/working/collective/task-010/logs/phase_d/single_node_667.out
trn2_48xl_single,alltoall,2,8,8,128,1404.431,0.0,0.0,667,/Users/jburtoft/Documents/opencode/working/collective/task-010/logs/phase_d/single_node_667.out
trn2_48xl_single,alltoall,2,8,8,256,1343.103,0.0,0.0,667,/Users/jburtoft/Documents/opencode/working/collective/task-010/logs/phase_d/single_node_667.out
trn2_48xl_single,alltoall,2,8,8,512,1356.799,0.0,0.0,667,/Users/jburtoft/Documents/opencode/working/collective/task-010/logs/phase_d/single_node_667.out
trn2_48xl_single,alltoall,2,8,8,1024,1376.58,0.001,0.001,667,/Users/jburtoft/Documents/opencode/working/collective/task-010/logs/phase_d/single_node_667.out
trn2_48xl_single,alltoall,2,8,8,2048,1336.921,0.002,0.001,667,/Users/jburtoft/Documents/opencode/working/collective/task-010/logs/phase_d/single_node_667.out
trn2_48xl_single,alltoall,2,8,8,4096,1405.217,0.003,0.003,667,/Users/jburtoft/Documents/opencode/working/collective/task-010/logs/phase_d/single_node_667.out
trn2_48xl_single,alltoall,2,8,8,8192,1533.296,0.005,0.005,667,/Users/jburtoft/Documents/opencode/working/collective/task-010/logs/phase_d/single_node_667.out
trn2_48xl_single,alltoall,2,8,8,16384,1320.623,0.012,0.011,667,/Users/jburtoft/Documents/opencode/working/collective/task-010/logs/phase_d/single_node_667.out
trn2_48xl_single,alltoall,2,8,8,32768,1256.131,0.026,0.023,667,/Users/jburtoft/Documents/opencode/working/collective/task-010/logs/phase_d/single_node_667.out
trn2_48xl_single,alltoall,2,8,8,65536,1310.491,0.05,0.044,667,/Users/jburtoft/Documents/opencode/working/collective/task-010/logs/phase_d/single_node_667.out
trn2_48xl_single,alltoall,2,8,8,131072,1281.224,0.102,0.09,667,/Users/jburtoft/Documents/opencode/working/collective/task-010/logs/phase_d/single_node_667.out
trn2_48xl_single,alltoall,2,8,8,262144,1335.132,0.196,0.172,667,/Users/jburtoft/Documents/opencode/working/collective/task-010/logs/phase_d/single_node_667.out
trn2_48xl_single,alltoall,2,8,8,524288,1308.94,0.401,0.35,667,/Users/jburtoft/Documents/opencode/working/collective/task-010/logs/phase_d/single_node_667.out
trn2_48xl_single,alltoall,2,8,8,1048576,1280.766,0.819,0.716,667,/Users/jburtoft/Documents/opencode/working/collective/task-010/logs/phase_d/single_node_667.out
trn2_48xl_single,alltoall,2,8,8,2097152,1319.443,1.589,1.391,667,/Users/jburtoft/Documents/opencode/working/collective/task-010/logs/phase_d/single_node_667.out
trn2_48xl_single,alltoall,2,8,8,4194304,1288.878,3.254,2.847,667,/Users/jburtoft/Documents/opencode/working/collective/task-010/logs/phase_d/single_node_667.out
trn2_48xl_single,alltoall,2,8,8,8388608,1388.525,6.041,5.286,667,/Users/jburtoft/Documents/opencode/working/collective/task-010/logs/phase_d/single_node_667.out
trn2_48xl_single,alltoall,2,8,8,16777216,1629.052,10.299,9.011,667,/Users/jburtoft/Documents/opencode/working/collective/task-010/logs/phase_d/single_node_667.out
trn2_48xl_single,alltoall,2,8,8,33554432,1948.997,17.216,15.064,667,/Users/jburtoft/Documents/opencode/working/collective/task-010/logs/phase_d/single_node_667.out
trn2_48xl_single,alltoall,2,8,8,67108864,2825.803,23.749,20.78,667,/Users/jburtoft/Documents/opencode/working/collective/task-010/logs/phase_d/single_node_667.out
trn2_48xl_single,alltoall,2,8,8,134217728,4642.882,28.908,25.295,667,/Users/jburtoft/Documents/opencode/working/collective/task-010/logs/phase_d/single_node_667.out
trn2_48xl_single,alltoall,2,8,8,268435456,8821.84,30.429,26.625,667,/Users/jburtoft/Documents/opencode/working/collective/task-010/logs/phase_d/single_node_667.out
trn2_48xl_single,alltoall,2,8,8,536870912,17088.741,31.417,27.49,667,/Users/jburtoft/Documents/opencode/working/collective/task-010/logs/phase_d/single_node_667.out
trn2_48xl_single,alltoall,2,8,8,1073741824,33141.867,32.398,28.349,667,/Users/jburtoft/Documents/opencode/working/collective/task-010/logs/phase_d/single_node_667.out
trn2_48xl_single,alltoall,2,8,8,2147483648,67996.773,31.582,27.634,667,/Users/jburtoft/Documents/opencode/working/collective/task-010/logs/phase_d/single_node_667.out
trn2_48xl_single,broadcast,2,8,8,64,1087.24,0.0,0.0,668,/Users/jburtoft/Documents/opencode/working/collective/task-010/logs/phase_d/single_node_668.out
trn2_48xl_single,broadcast,2,8,8,128,1093.918,0.0,0.0,668,/Users/jburtoft/Documents/opencode/working/collective/task-010/logs/phase_d/single_node_668.out
trn2_48xl_single,broadcast,2,8,8,256,1089.18,0.0,0.0,668,/Users/jburtoft/Documents/opencode/working/collective/task-010/logs/phase_d/single_node_668.out
trn2_48xl_single,broadcast,2,8,8,512,1098.069,0.0,0.0,668,/Users/jburtoft/Documents/opencode/working/collective/task-010/logs/phase_d/single_node_668.out
trn2_48xl_single,broadcast,2,8,8,1024,1096.999,0.001,0.001,668,/Users/jburtoft/Documents/opencode/working/collective/task-010/logs/phase_d/single_node_668.out
trn2_48xl_single,broadcast,2,8,8,2048,1122.638,0.002,0.002,668,/Users/jburtoft/Documents/opencode/working/collective/task-010/logs/phase_d/single_node_668.out
trn2_48xl_single,broadcast,2,8,8,4096,1106.771,0.004,0.004,668,/Users/jburtoft/Documents/opencode/working/collective/task-010/logs/phase_d/single_node_668.out
trn2_48xl_single,broadcast,2,8,8,8192,1102.174,0.007,0.007,668,/Users/jburtoft/Documents/opencode/working/collective/task-010/logs/phase_d/single_node_668.out
trn2_48xl_single,broadcast,2,8,8,16384,1101.32,0.015,0.015,668,/Users/jburtoft/Documents/opencode/working/collective/task-010/logs/phase_d/single_node_668.out
trn2_48xl_single,broadcast,2,8,8,32768,1137.635,0.029,0.029,668,/Users/jburtoft/Documents/opencode/working/collective/task-010/logs/phase_d/single_node_668.out
trn2_48xl_single,broadcast,2,8,8,65536,1122.873,0.058,0.058,668,/Users/jburtoft/Documents/opencode/working/collective/task-010/logs/phase_d/single_node_668.out
trn2_48xl_single,broadcast,2,8,8,131072,1099.791,0.119,0.119,668,/Users/jburtoft/Documents/opencode/working/collective/task-010/logs/phase_d/single_node_668.out
trn2_48xl_single,broadcast,2,8,8,262144,1131.335,0.232,0.232,668,/Users/jburtoft/Documents/opencode/working/collective/task-010/logs/phase_d/single_node_668.out
trn2_48xl_single,broadcast,2,8,8,524288,1138.169,0.461,0.461,668,/Users/jburtoft/Documents/opencode/working/collective/task-010/logs/phase_d/single_node_668.out
trn2_48xl_single,broadcast,2,8,8,1048576,1099.163,0.954,0.954,668,/Users/jburtoft/Documents/opencode/working/collective/task-010/logs/phase_d/single_node_668.out
trn2_48xl_single,broadcast,2,8,8,2097152,1124.092,1.866,1.866,668,/Users/jburtoft/Documents/opencode/working/collective/task-010/logs/phase_d/single_node_668.out
trn2_48xl_single,broadcast,2,8,8,4194304,1127.828,3.719,3.719,668,/Users/jburtoft/Documents/opencode/working/collective/task-010/logs/phase_d/single_node_668.out
trn2_48xl_single,broadcast,2,8,8,8388608,1228.672,6.827,6.827,668,/Users/jburtoft/Documents/opencode/working/collective/task-010/logs/phase_d/single_node_668.out
trn2_48xl_single,broadcast,2,8,8,16777216,1317.468,12.734,12.734,668,/Users/jburtoft/Documents/opencode/working/collective/task-010/logs/phase_d/single_node_668.out
trn2_48xl_single,broadcast,2,8,8,33554432,1729.364,19.403,19.403,668,/Users/jburtoft/Documents/opencode/working/collective/task-010/logs/phase_d/single_node_668.out
trn2_48xl_single,broadcast,2,8,8,67108864,2453.16,27.356,27.356,668,/Users/jburtoft/Documents/opencode/working/collective/task-010/logs/phase_d/single_node_668.out
trn2_48xl_single,broadcast,2,8,8,134217728,3970.769,33.801,33.801,668,/Users/jburtoft/Documents/opencode/working/collective/task-010/logs/phase_d/single_node_668.out
trn2_48xl_single,broadcast,2,8,8,268435456,7152.23,37.532,37.532,668,/Users/jburtoft/Documents/opencode/working/collective/task-010/logs/phase_d/single_node_668.out
trn2_48xl_single,broadcast,2,8,8,536870912,13639.407,39.362,39.362,668,/Users/jburtoft/Documents/opencode/working/collective/task-010/logs/phase_d/single_node_668.out
trn2_48xl_single,broadcast,2,8,8,1073741824,26852.829,39.986,39.986,668,/Users/jburtoft/Documents/opencode/working/collective/task-010/logs/phase_d/single_node_668.out
trn2_48xl_single,broadcast,2,8,8,2147483648,53809.269,39.909,39.909,668,/Users/jburtoft/Documents/opencode/working/collective/task-010/logs/phase_d/single_node_668.out
trn2_48xl_single,all_reduce,2,16,16,128,299.948,0.001,0.001,670,/Users/jburtoft/Documents/opencode/working/collective/task-010/logs/phase_d/single_node_670.out
trn2_48xl_single,all_reduce,2,16,16,256,290.331,0.002,0.002,670,/Users/jburtoft/Documents/opencode/working/collective/task-010/logs/phase_d/single_node_670.out
trn2_48xl_single,all_reduce,2,16,16,512,280.327,0.004,0.003,670,/Users/jburtoft/Documents/opencode/working/collective/task-010/logs/phase_d/single_node_670.out
trn2_48xl_single,all_reduce,2,16,16,1024,295.935,0.007,0.006,670,/Users/jburtoft/Documents/opencode/working/collective/task-010/logs/phase_d/single_node_670.out
trn2_48xl_single,all_reduce,2,16,16,2048,282.488,0.014,0.014,670,/Users/jburtoft/Documents/opencode/working/collective/task-010/logs/phase_d/single_node_670.out
trn2_48xl_single,all_reduce,2,16,16,4096,281.677,0.029,0.027,670,/Users/jburtoft/Documents/opencode/working/collective/task-010/logs/phase_d/single_node_670.out
trn2_48xl_single,all_reduce,2,16,16,8192,291.412,0.056,0.053,670,/Users/jburtoft/Documents/opencode/working/collective/task-010/logs/phase_d/single_node_670.out
trn2_48xl_single,all_reduce,2,16,16,16384,278.302,0.118,0.11,670,/Users/jburtoft/Documents/opencode/working/collective/task-010/logs/phase_d/single_node_670.out
trn2_48xl_single,all_reduce,2,16,16,32768,285.354,0.23,0.215,670,/Users/jburtoft/Documents/opencode/working/collective/task-010/logs/phase_d/single_node_670.out
trn2_48xl_single,all_reduce,2,16,16,65536,284.622,0.461,0.432,670,/Users/jburtoft/Documents/opencode/working/collective/task-010/logs/phase_d/single_node_670.out
trn2_48xl_single,all_reduce,2,16,16,131072,305.258,0.859,0.805,670,/Users/jburtoft/Documents/opencode/working/collective/task-010/logs/phase_d/single_node_670.out
trn2_48xl_single,all_reduce,2,16,16,262144,292.759,1.791,1.679,670,/Users/jburtoft/Documents/opencode/working/collective/task-010/logs/phase_d/single_node_670.out
trn2_48xl_single,all_reduce,2,16,16,524288,342.868,3.058,2.867,670,/Users/jburtoft/Documents/opencode/working/collective/task-010/logs/phase_d/single_node_670.out
trn2_48xl_single,all_reduce,2,16,16,1048576,328.143,6.391,5.992,670,/Users/jburtoft/Documents/opencode/working/collective/task-010/logs/phase_d/single_node_670.out
trn2_48xl_single,all_reduce,2,16,16,2097152,334.468,12.54,11.756,670,/Users/jburtoft/Documents/opencode/working/collective/task-010/logs/phase_d/single_node_670.out
trn2_48xl_single,all_reduce,2,16,16,4194304,376.829,22.261,20.87,670,/Users/jburtoft/Documents/opencode/working/collective/task-010/logs/phase_d/single_node_670.out
trn2_48xl_single,all_reduce,2,16,16,8388608,435.245,38.547,36.137,670,/Users/jburtoft/Documents/opencode/working/collective/task-010/logs/phase_d/single_node_670.out
trn2_48xl_single,all_reduce,2,16,16,16777216,619.384,54.174,50.788,670,/Users/jburtoft/Documents/opencode/working/collective/task-010/logs/phase_d/single_node_670.out
trn2_48xl_single,all_reduce,2,16,16,33554432,1022.671,65.621,61.52,670,/Users/jburtoft/Documents/opencode/working/collective/task-010/logs/phase_d/single_node_670.out
trn2_48xl_single,all_reduce,2,16,16,67108864,1498.702,89.556,83.959,670,/Users/jburtoft/Documents/opencode/working/collective/task-010/logs/phase_d/single_node_670.out
trn2_48xl_single,all_reduce,2,16,16,134217728,2612.445,102.753,96.331,670,/Users/jburtoft/Documents/opencode/working/collective/task-010/logs/phase_d/single_node_670.out
trn2_48xl_single,all_reduce,2,16,16,268435456,4626.047,116.054,108.801,670,/Users/jburtoft/Documents/opencode/working/collective/task-010/logs/phase_d/single_node_670.out
trn2_48xl_single,all_reduce,2,16,16,536870912,8745.162,122.781,115.107,670,/Users/jburtoft/Documents/opencode/working/collective/task-010/logs/phase_d/single_node_670.out
trn2_48xl_single,all_reduce,2,16,16,1073741824,17712.788,121.239,113.662,670,/Users/jburtoft/Documents/opencode/working/collective/task-010/logs/phase_d/single_node_670.out
trn2_48xl_single,all_reduce,2,16,16,2147483648,34286.357,125.268,117.438,670,/Users/jburtoft/Documents/opencode/working/collective/task-010/logs/phase_d/single_node_670.out
trn2_48xl_single,all_gather,2,16,16,128,1510.557,0.001,0.001,671,/Users/jburtoft/Documents/opencode/working/collective/task-010/logs/phase_d/single_node_671.out
trn2_48xl_single,all_gather,2,16,16,256,1210.593,0.003,0.003,671,/Users/jburtoft/Documents/opencode/working/collective/task-010/logs/phase_d/single_node_671.out
trn2_48xl_single,all_gather,2,16,16,512,1283.49,0.006,0.006,671,/Users/jburtoft/Documents/opencode/working/collective/task-010/logs/phase_d/single_node_671.out
trn2_48xl_single,all_gather,2,16,16,1024,1312.349,0.012,0.012,671,/Users/jburtoft/Documents/opencode/working/collective/task-010/logs/phase_d/single_node_671.out
trn2_48xl_single,all_gather,2,16,16,2048,1256.41,0.026,0.024,671,/Users/jburtoft/Documents/opencode/working/collective/task-010/logs/phase_d/single_node_671.out
trn2_48xl_single,all_gather,2,16,16,4096,1275.757,0.051,0.048,671,/Users/jburtoft/Documents/opencode/working/collective/task-010/logs/phase_d/single_node_671.out
trn2_48xl_single,all_gather,2,16,16,8192,1304.491,0.1,0.094,671,/Users/jburtoft/Documents/opencode/working/collective/task-010/logs/phase_d/single_node_671.out
trn2_48xl_single,all_gather,2,16,16,16384,1333.949,0.197,0.184,671,/Users/jburtoft/Documents/opencode/working/collective/task-010/logs/phase_d/single_node_671.out
trn2_48xl_single,all_gather,2,16,16,32768,1385.491,0.378,0.355,671,/Users/jburtoft/Documents/opencode/working/collective/task-010/logs/phase_d/single_node_671.out
trn2_48xl_single,all_gather,2,16,16,65536,1312.896,0.799,0.749,671,/Users/jburtoft/Documents/opencode/working/collective/task-010/logs/phase_d/single_node_671.out
trn2_48xl_single,all_gather,2,16,16,131072,1259.564,1.665,1.561,671,/Users/jburtoft/Documents/opencode/working/collective/task-010/logs/phase_d/single_node_671.out
trn2_48xl_single,all_gather,2,16,16,262144,1338.507,3.134,2.938,671,/Users/jburtoft/Documents/opencode/working/collective/task-010/logs/phase_d/single_node_671.out
trn2_48xl_single,all_gather,2,16,16,524288,1288.801,6.509,6.102,671,/Users/jburtoft/Documents/opencode/working/collective/task-010/logs/phase_d/single_node_671.out
trn2_48xl_single,all_gather,2,16,16,1048576,1303.906,12.867,12.063,671,/Users/jburtoft/Documents/opencode/working/collective/task-010/logs/phase_d/single_node_671.out
trn2_48xl_single,all_gather,2,16,16,2097152,1448.825,23.16,21.712,671,/Users/jburtoft/Documents/opencode/working/collective/task-010/logs/phase_d/single_node_671.out
trn2_48xl_single,all_gather,2,16,16,4194304,1702.231,39.424,36.96,671,/Users/jburtoft/Documents/opencode/working/collective/task-010/logs/phase_d/single_node_671.out
trn2_48xl_single,all_gather,2,16,16,8388608,2260.089,59.386,55.674,671,/Users/jburtoft/Documents/opencode/working/collective/task-010/logs/phase_d/single_node_671.out
trn2_48xl_single,all_gather,2,16,16,16777216,3488.071,76.958,72.148,671,/Users/jburtoft/Documents/opencode/working/collective/task-010/logs/phase_d/single_node_671.out
trn2_48xl_single,all_gather,2,16,16,33554432,5865.366,91.532,85.812,671,/Users/jburtoft/Documents/opencode/working/collective/task-010/logs/phase_d/single_node_671.out
trn2_48xl_single,all_gather,2,16,16,67108864,11955.869,89.809,84.196,671,/Users/jburtoft/Documents/opencode/working/collective/task-010/logs/phase_d/single_node_671.out
trn2_48xl_single,all_gather,2,16,16,134217728,23427.789,91.664,85.935,671,/Users/jburtoft/Documents/opencode/working/collective/task-010/logs/phase_d/single_node_671.out
trn2_48xl_single,all_gather,2,16,16,268435456,46713.748,91.942,86.196,671,/Users/jburtoft/Documents/opencode/working/collective/task-010/logs/phase_d/single_node_671.out
trn2_48xl_single,all_gather,2,16,16,536870912,93307.113,92.061,86.307,671,/Users/jburtoft/Documents/opencode/working/collective/task-010/logs/phase_d/single_node_671.out
trn2_48xl_single,reduce_scatter,2,16,16,1024,1570.264,0.001,0.001,672,/Users/jburtoft/Documents/opencode/working/collective/task-010/logs/phase_d/single_node_672.out
trn2_48xl_single,reduce_scatter,2,16,16,2048,1288.996,0.002,0.001,672,/Users/jburtoft/Documents/opencode/working/collective/task-010/logs/phase_d/single_node_672.out
trn2_48xl_single,reduce_scatter,2,16,16,4096,1316.149,0.003,0.003,672,/Users/jburtoft/Documents/opencode/working/collective/task-010/logs/phase_d/single_node_672.out
trn2_48xl_single,reduce_scatter,2,16,16,8192,1293.749,0.006,0.006,672,/Users/jburtoft/Documents/opencode/working/collective/task-010/logs/phase_d/single_node_672.out
trn2_48xl_single,reduce_scatter,2,16,16,16384,1287.03,0.013,0.012,672,/Users/jburtoft/Documents/opencode/working/collective/task-010/logs/phase_d/single_node_672.out
trn2_48xl_single,reduce_scatter,2,16,16,32768,1230.505,0.027,0.025,672,/Users/jburtoft/Documents/opencode/working/collective/task-010/logs/phase_d/single_node_672.out
trn2_48xl_single,reduce_scatter,2,16,16,65536,1255.839,0.052,0.049,672,/Users/jburtoft/Documents/opencode/working/collective/task-010/logs/phase_d/single_node_672.out
trn2_48xl_single,reduce_scatter,2,16,16,131072,1336.773,0.098,0.092,672,/Users/jburtoft/Documents/opencode/working/collective/task-010/logs/phase_d/single_node_672.out
trn2_48xl_single,reduce_scatter,2,16,16,262144,1267.726,0.207,0.194,672,/Users/jburtoft/Documents/opencode/working/collective/task-010/logs/phase_d/single_node_672.out
trn2_48xl_single,reduce_scatter,2,16,16,524288,1333.366,0.393,0.369,672,/Users/jburtoft/Documents/opencode/working/collective/task-010/logs/phase_d/single_node_672.out
trn2_48xl_single,reduce_scatter,2,16,16,1048576,1271.969,0.824,0.773,672,/Users/jburtoft/Documents/opencode/working/collective/task-010/logs/phase_d/single_node_672.out
trn2_48xl_single,reduce_scatter,2,16,16,2097152,1293.545,1.621,1.52,672,/Users/jburtoft/Documents/opencode/working/collective/task-010/logs/phase_d/single_node_672.out
trn2_48xl_single,reduce_scatter,2,16,16,4194304,1351.021,3.105,2.911,672,/Users/jburtoft/Documents/opencode/working/collective/task-010/logs/phase_d/single_node_672.out
trn2_48xl_single,reduce_scatter,2,16,16,8388608,1431.507,5.86,5.494,672,/Users/jburtoft/Documents/opencode/working/collective/task-010/logs/phase_d/single_node_672.out
trn2_48xl_single,reduce_scatter,2,16,16,16777216,1202.215,13.955,13.083,672,/Users/jburtoft/Documents/opencode/working/collective/task-010/logs/phase_d/single_node_672.out
trn2_48xl_single,reduce_scatter,2,16,16,33554432,1402.589,23.923,22.428,672,/Users/jburtoft/Documents/opencode/working/collective/task-010/logs/phase_d/single_node_672.out
trn2_48xl_single,reduce_scatter,2,16,16,67108864,1573.678,42.645,39.979,672,/Users/jburtoft/Documents/opencode/working/collective/task-010/logs/phase_d/single_node_672.out
trn2_48xl_single,reduce_scatter,2,16,16,134217728,2151.694,62.378,58.479,672,/Users/jburtoft/Documents/opencode/working/collective/task-010/logs/phase_d/single_node_672.out
trn2_48xl_single,reduce_scatter,2,16,16,268435456,3217.662,83.426,78.212,672,/Users/jburtoft/Documents/opencode/working/collective/task-010/logs/phase_d/single_node_672.out
trn2_48xl_single,reduce_scatter,2,16,16,536870912,5478.862,97.989,91.865,672,/Users/jburtoft/Documents/opencode/working/collective/task-010/logs/phase_d/single_node_672.out
trn2_48xl_single,reduce_scatter,2,16,16,1073741824,13197.345,81.36,76.275,672,/Users/jburtoft/Documents/opencode/working/collective/task-010/logs/phase_d/single_node_672.out
trn2_48xl_single,reduce_scatter,2,16,16,2147483648,26312.405,81.615,76.514,672,/Users/jburtoft/Documents/opencode/working/collective/task-010/logs/phase_d/single_node_672.out
trn2_48xl_single,reduce_scatter,2,16,16,4294967296,52563.244,81.71,76.604,672,/Users/jburtoft/Documents/opencode/working/collective/task-010/logs/phase_d/single_node_672.out
trn2_48xl_single,reduce_scatter,2,16,16,8589934592,104824.061,81.946,76.825,672,/Users/jburtoft/Documents/opencode/working/collective/task-010/logs/phase_d/single_node_672.out
trn2_48xl_single,alltoall,2,16,16,128,1300.158,0.0,0.0,673,/Users/jburtoft/Documents/opencode/working/collective/task-010/logs/phase_d/single_node_673.out
trn2_48xl_single,alltoall,2,16,16,256,1345.101,0.0,0.0,673,/Users/jburtoft/Documents/opencode/working/collective/task-010/logs/phase_d/single_node_673.out
trn2_48xl_single,alltoall,2,16,16,512,1341.794,0.0,0.0,673,/Users/jburtoft/Documents/opencode/working/collective/task-010/logs/phase_d/single_node_673.out
trn2_48xl_single,alltoall,2,16,16,1024,1305.434,0.001,0.001,673,/Users/jburtoft/Documents/opencode/working/collective/task-010/logs/phase_d/single_node_673.out
trn2_48xl_single,alltoall,2,16,16,2048,1380.584,0.001,0.001,673,/Users/jburtoft/Documents/opencode/working/collective/task-010/logs/phase_d/single_node_673.out
trn2_48xl_single,alltoall,2,16,16,4096,1307.269,0.003,0.003,673,/Users/jburtoft/Documents/opencode/working/collective/task-010/logs/phase_d/single_node_673.out
trn2_48xl_single,alltoall,2,16,16,8192,1385.071,0.006,0.006,673,/Users/jburtoft/Documents/opencode/working/collective/task-010/logs/phase_d/single_node_673.out
trn2_48xl_single,alltoall,2,16,16,16384,1378.787,0.012,0.011,673,/Users/jburtoft/Documents/opencode/working/collective/task-010/logs/phase_d/single_node_673.out
trn2_48xl_single,alltoall,2,16,16,32768,1657.272,0.02,0.019,673,/Users/jburtoft/Documents/opencode/working/collective/task-010/logs/phase_d/single_node_673.out
trn2_48xl_single,alltoall,2,16,16,65536,1345.506,0.049,0.046,673,/Users/jburtoft/Documents/opencode/working/collective/task-010/logs/phase_d/single_node_673.out
trn2_48xl_single,alltoall,2,16,16,131072,1332.997,0.098,0.092,673,/Users/jburtoft/Documents/opencode/working/collective/task-010/logs/phase_d/single_node_673.out
trn2_48xl_single,alltoall,2,16,16,262144,1377.714,0.19,0.178,673,/Users/jburtoft/Documents/opencode/working/collective/task-010/logs/phase_d/single_node_673.out
trn2_48xl_single,alltoall,2,16,16,524288,1352.396,0.388,0.363,673,/Users/jburtoft/Documents/opencode/working/collective/task-010/logs/phase_d/single_node_673.out
trn2_48xl_single,alltoall,2,16,16,1048576,1402.515,0.748,0.701,673,/Users/jburtoft/Documents/opencode/working/collective/task-010/logs/phase_d/single_node_673.out
trn2_48xl_single,alltoall,2,16,16,2097152,1426.358,1.47,1.378,673,/Users/jburtoft/Documents/opencode/working/collective/task-010/logs/phase_d/single_node_673.out
trn2_48xl_single,alltoall,2,16,16,4194304,1462.37,2.868,2.689,673,/Users/jburtoft/Documents/opencode/working/collective/task-010/logs/phase_d/single_node_673.out
trn2_48xl_single,alltoall,2,16,16,8388608,1684.384,4.98,4.669,673,/Users/jburtoft/Documents/opencode/working/collective/task-010/logs/phase_d/single_node_673.out
trn2_48xl_single,alltoall,2,16,16,16777216,1910.699,8.781,8.232,673,/Users/jburtoft/Documents/opencode/working/collective/task-010/logs/phase_d/single_node_673.out
trn2_48xl_single,alltoall,2,16,16,33554432,3157.39,10.627,9.963,673,/Users/jburtoft/Documents/opencode/working/collective/task-010/logs/phase_d/single_node_673.out
trn2_48xl_single,alltoall,2,16,16,67108864,5098.799,13.162,12.339,673,/Users/jburtoft/Documents/opencode/working/collective/task-010/logs/phase_d/single_node_673.out
trn2_48xl_single,broadcast,2,16,16,128,1385.133,0.0,0.0,674,/Users/jburtoft/Documents/opencode/working/collective/task-010/logs/phase_d/single_node_674.out
trn2_48xl_single,broadcast,2,16,16,256,1409.315,0.0,0.0,674,/Users/jburtoft/Documents/opencode/working/collective/task-010/logs/phase_d/single_node_674.out
trn2_48xl_single,broadcast,2,16,16,512,1376.305,0.0,0.0,674,/Users/jburtoft/Documents/opencode/working/collective/task-010/logs/phase_d/single_node_674.out
trn2_48xl_single,broadcast,2,16,16,1024,1376.763,0.001,0.001,674,/Users/jburtoft/Documents/opencode/working/collective/task-010/logs/phase_d/single_node_674.out
trn2_48xl_single,broadcast,2,16,16,2048,1401.655,0.001,0.001,674,/Users/jburtoft/Documents/opencode/working/collective/task-010/logs/phase_d/single_node_674.out
trn2_48xl_single,broadcast,2,16,16,4096,1454.311,0.003,0.003,674,/Users/jburtoft/Documents/opencode/working/collective/task-010/logs/phase_d/single_node_674.out
trn2_48xl_single,broadcast,2,16,16,8192,1426.005,0.006,0.006,674,/Users/jburtoft/Documents/opencode/working/collective/task-010/logs/phase_d/single_node_674.out
trn2_48xl_single,broadcast,2,16,16,16384,1366.353,0.012,0.012,674,/Users/jburtoft/Documents/opencode/working/collective/task-010/logs/phase_d/single_node_674.out
trn2_48xl_single,broadcast,2,16,16,32768,1358.305,0.024,0.024,674,/Users/jburtoft/Documents/opencode/working/collective/task-010/logs/phase_d/single_node_674.out
trn2_48xl_single,broadcast,2,16,16,65536,1340.447,0.049,0.049,674,/Users/jburtoft/Documents/opencode/working/collective/task-010/logs/phase_d/single_node_674.out
trn2_48xl_single,broadcast,2,16,16,131072,1406.13,0.093,0.093,674,/Users/jburtoft/Documents/opencode/working/collective/task-010/logs/phase_d/single_node_674.out
trn2_48xl_single,broadcast,2,16,16,262144,1407.775,0.186,0.186,674,/Users/jburtoft/Documents/opencode/working/collective/task-010/logs/phase_d/single_node_674.out
trn2_48xl_single,broadcast,2,16,16,524288,1420.787,0.369,0.369,674,/Users/jburtoft/Documents/opencode/working/collective/task-010/logs/phase_d/single_node_674.out
trn2_48xl_single,broadcast,2,16,16,1048576,1482.783,0.707,0.707,674,/Users/jburtoft/Documents/opencode/working/collective/task-010/logs/phase_d/single_node_674.out
trn2_48xl_single,broadcast,2,16,16,2097152,1404.142,1.494,1.494,674,/Users/jburtoft/Documents/opencode/working/collective/task-010/logs/phase_d/single_node_674.out
trn2_48xl_single,broadcast,2,16,16,4194304,1470.41,2.852,2.852,674,/Users/jburtoft/Documents/opencode/working/collective/task-010/logs/phase_d/single_node_674.out
trn2_48xl_single,broadcast,2,16,16,8388608,1427.162,5.878,5.878,674,/Users/jburtoft/Documents/opencode/working/collective/task-010/logs/phase_d/single_node_674.out
trn2_48xl_single,broadcast,2,16,16,16777216,1582.934,10.599,10.599,674,/Users/jburtoft/Documents/opencode/working/collective/task-010/logs/phase_d/single_node_674.out
trn2_48xl_single,broadcast,2,16,16,33554432,1959.673,17.122,17.122,674,/Users/jburtoft/Documents/opencode/working/collective/task-010/logs/phase_d/single_node_674.out
trn2_48xl_single,broadcast,2,16,16,67108864,2426.339,27.658,27.658,674,/Users/jburtoft/Documents/opencode/working/collective/task-010/logs/phase_d/single_node_674.out
trn2_48xl_single,broadcast,2,16,16,134217728,3530.987,38.011,38.011,674,/Users/jburtoft/Documents/opencode/working/collective/task-010/logs/phase_d/single_node_674.out
trn2_48xl_single,broadcast,2,16,16,268435456,5795.703,46.316,46.316,674,/Users/jburtoft/Documents/opencode/working/collective/task-010/logs/phase_d/single_node_674.out
trn2_48xl_single,broadcast,2,16,16,536870912,10524.916,51.01,51.01,674,/Users/jburtoft/Documents/opencode/working/collective/task-010/logs/phase_d/single_node_674.out
trn2_48xl_single,broadcast,2,16,16,1073741824,20194.134,53.171,53.171,674,/Users/jburtoft/Documents/opencode/working/collective/task-010/logs/phase_d/single_node_674.out
trn2_48xl_single,broadcast,2,16,16,2147483648,39619.748,54.202,54.202,674,/Users/jburtoft/Documents/opencode/working/collective/task-010/logs/phase_d/single_node_674.out
trn2_48xl_single,all_reduce,2,32,32,256,412.291,0.001,0.001,676,/Users/jburtoft/Documents/opencode/working/collective/task-010/logs/phase_d/single_node_676.out
trn2_48xl_single,all_reduce,2,32,32,512,400.401,0.003,0.002,676,/Users/jburtoft/Documents/opencode/working/collective/task-010/logs/phase_d/single_node_676.out
trn2_48xl_single,all_reduce,2,32,32,1024,332.651,0.006,0.006,676,/Users/jburtoft/Documents/opencode/working/collective/task-010/logs/phase_d/single_node_676.out
trn2_48xl_single,all_reduce,2,32,32,2048,381.242,0.011,0.01,676,/Users/jburtoft/Documents/opencode/working/collective/task-010/logs/phase_d/single_node_676.out
trn2_48xl_single,all_reduce,2,32,32,4096,370.164,0.022,0.021,676,/Users/jburtoft/Documents/opencode/working/collective/task-010/logs/phase_d/single_node_676.out
trn2_48xl_single,all_reduce,2,32,32,8192,472.426,0.035,0.034,676,/Users/jburtoft/Documents/opencode/working/collective/task-010/logs/phase_d/single_node_676.out
trn2_48xl_single,all_reduce,2,32,32,16384,412.069,0.08,0.077,676,/Users/jburtoft/Documents/opencode/working/collective/task-010/logs/phase_d/single_node_676.out
trn2_48xl_single,all_reduce,2,32,32,32768,357.701,0.183,0.177,676,/Users/jburtoft/Documents/opencode/working/collective/task-010/logs/phase_d/single_node_676.out
trn2_48xl_single,all_reduce,2,32,32,65536,391.171,0.335,0.325,676,/Users/jburtoft/Documents/opencode/working/collective/task-010/logs/phase_d/single_node_676.out
trn2_48xl_single,all_reduce,2,32,32,131072,436.347,0.601,0.582,676,/Users/jburtoft/Documents/opencode/working/collective/task-010/logs/phase_d/single_node_676.out
trn2_48xl_single,all_reduce,2,32,32,262144,407.462,1.287,1.247,676,/Users/jburtoft/Documents/opencode/working/collective/task-010/logs/phase_d/single_node_676.out
trn2_48xl_single,all_reduce,2,32,32,524288,384.038,2.73,2.645,676,/Users/jburtoft/Documents/opencode/working/collective/task-010/logs/phase_d/single_node_676.out
trn2_48xl_single,all_reduce,2,32,32,1048576,412.872,5.079,4.921,676,/Users/jburtoft/Documents/opencode/working/collective/task-010/logs/phase_d/single_node_676.out
trn2_48xl_single,all_reduce,2,32,32,2097152,489.658,8.566,8.298,676,/Users/jburtoft/Documents/opencode/working/collective/task-010/logs/phase_d/single_node_676.out
trn2_48xl_single,all_reduce,2,32,32,4194304,477.704,17.56,17.011,676,/Users/jburtoft/Documents/opencode/working/collective/task-010/logs/phase_d/single_node_676.out
trn2_48xl_single,all_reduce,2,32,32,8388608,577.649,29.044,28.136,676,/Users/jburtoft/Documents/opencode/working/collective/task-010/logs/phase_d/single_node_676.out
trn2_48xl_single,all_reduce,2,32,32,16777216,850.993,39.43,38.198,676,/Users/jburtoft/Documents/opencode/working/collective/task-010/logs/phase_d/single_node_676.out
trn2_48xl_single,all_reduce,2,32,32,33554432,1483.782,45.228,43.815,676,/Users/jburtoft/Documents/opencode/working/collective/task-010/logs/phase_d/single_node_676.out
trn2_48xl_single,all_reduce,2,32,32,67108864,1837.593,73.04,70.757,676,/Users/jburtoft/Documents/opencode/working/collective/task-010/logs/phase_d/single_node_676.out
trn2_48xl_single,all_reduce,2,32,32,134217728,2962.361,90.615,87.784,676,/Users/jburtoft/Documents/opencode/working/collective/task-010/logs/phase_d/single_node_676.out
trn2_48xl_single,all_reduce,2,32,32,268435456,5105.314,105.159,101.873,676,/Users/jburtoft/Documents/opencode/working/collective/task-010/logs/phase_d/single_node_676.out
trn2_48xl_single,all_reduce,2,32,32,536870912,9649.988,111.269,107.792,676,/Users/jburtoft/Documents/opencode/working/collective/task-010/logs/phase_d/single_node_676.out
trn2_48xl_single,all_reduce,2,32,32,1073741824,18395.491,116.74,113.092,676,/Users/jburtoft/Documents/opencode/working/collective/task-010/logs/phase_d/single_node_676.out
trn2_48xl_single,all_reduce,2,32,32,2147483648,35862.696,119.761,116.019,676,/Users/jburtoft/Documents/opencode/working/collective/task-010/logs/phase_d/single_node_676.out
trn2_48xl_single,all_gather,2,32,32,256,1540.564,0.005,0.005,677,/Users/jburtoft/Documents/opencode/working/collective/task-010/logs/phase_d/single_node_677.out
trn2_48xl_single,all_gather,2,32,32,512,1314.334,0.012,0.012,677,/Users/jburtoft/Documents/opencode/working/collective/task-010/logs/phase_d/single_node_677.out
trn2_48xl_single,all_gather,2,32,32,1024,1342.403,0.024,0.024,677,/Users/jburtoft/Documents/opencode/working/collective/task-010/logs/phase_d/single_node_677.out
trn2_48xl_single,all_gather,2,32,32,2048,1291.603,0.051,0.049,677,/Users/jburtoft/Documents/opencode/working/collective/task-010/logs/phase_d/single_node_677.out
trn2_48xl_single,all_gather,2,32,32,4096,1334.528,0.098,0.095,677,/Users/jburtoft/Documents/opencode/working/collective/task-010/logs/phase_d/single_node_677.out
trn2_48xl_single,all_gather,2,32,32,8192,1311.184,0.2,0.194,677,/Users/jburtoft/Documents/opencode/working/collective/task-010/logs/phase_d/single_node_677.out
trn2_48xl_single,all_gather,2,32,32,16384,1409.587,0.372,0.36,677,/Users/jburtoft/Documents/opencode/working/collective/task-010/logs/phase_d/single_node_677.out
trn2_48xl_single,all_gather,2,32,32,32768,1333.558,0.786,0.762,677,/Users/jburtoft/Documents/opencode/working/collective/task-010/logs/phase_d/single_node_677.out
trn2_48xl_single,all_gather,2,32,32,65536,1360.204,1.542,1.494,677,/Users/jburtoft/Documents/opencode/working/collective/task-010/logs/phase_d/single_node_677.out
trn2_48xl_single,all_gather,2,32,32,131072,1403.658,2.988,2.895,677,/Users/jburtoft/Documents/opencode/working/collective/task-010/logs/phase_d/single_node_677.out
trn2_48xl_single,all_gather,2,32,32,262144,1433.1,5.853,5.671,677,/Users/jburtoft/Documents/opencode/working/collective/task-010/logs/phase_d/single_node_677.out
trn2_48xl_single,all_gather,2,32,32,524288,1378.704,12.169,11.789,677,/Users/jburtoft/Documents/opencode/working/collective/task-010/logs/phase_d/single_node_677.out
trn2_48xl_single,all_gather,2,32,32,1048576,1487.77,22.554,21.849,677,/Users/jburtoft/Documents/opencode/working/collective/task-010/logs/phase_d/single_node_677.out
trn2_48xl_single,all_gather,2,32,32,2097152,1836.856,36.535,35.393,677,/Users/jburtoft/Documents/opencode/working/collective/task-010/logs/phase_d/single_node_677.out
trn2_48xl_single,all_gather,2,32,32,4194304,2374.998,56.513,54.747,677,/Users/jburtoft/Documents/opencode/working/collective/task-010/logs/phase_d/single_node_677.out
trn2_48xl_single,all_gather,2,32,32,8388608,3499.501,76.707,74.31,677,/Users/jburtoft/Documents/opencode/working/collective/task-010/logs/phase_d/single_node_677.out
trn2_48xl_single,all_gather,2,32,32,16777216,6099.693,88.016,85.266,677,/Users/jburtoft/Documents/opencode/working/collective/task-010/logs/phase_d/single_node_677.out
trn2_48xl_single,all_gather,2,32,32,33554432,12461.039,86.168,83.475,677,/Users/jburtoft/Documents/opencode/working/collective/task-010/logs/phase_d/single_node_677.out
trn2_48xl_single,all_gather,2,32,32,67108864,24739.246,86.805,84.092,677,/Users/jburtoft/Documents/opencode/working/collective/task-010/logs/phase_d/single_node_677.out
trn2_48xl_single,all_gather,2,32,32,134217728,49240.195,87.225,84.499,677,/Users/jburtoft/Documents/opencode/working/collective/task-010/logs/phase_d/single_node_677.out
trn2_48xl_single,all_gather,2,32,32,268435456,98426.296,87.273,84.545,677,/Users/jburtoft/Documents/opencode/working/collective/task-010/logs/phase_d/single_node_677.out
trn2_48xl_single,reduce_scatter,2,32,32,4096,1389.755,0.003,0.003,678,/Users/jburtoft/Documents/opencode/working/collective/task-010/logs/phase_d/single_node_678.out
trn2_48xl_single,reduce_scatter,2,32,32,8192,1311.688,0.006,0.006,678,/Users/jburtoft/Documents/opencode/working/collective/task-010/logs/phase_d/single_node_678.out
trn2_48xl_single,reduce_scatter,2,32,32,16384,1324.644,0.012,0.012,678,/Users/jburtoft/Documents/opencode/working/collective/task-010/logs/phase_d/single_node_678.out
trn2_48xl_single,reduce_scatter,2,32,32,32768,1377.377,0.024,0.023,678,/Users/jburtoft/Documents/opencode/working/collective/task-010/logs/phase_d/single_node_678.out
trn2_48xl_single,reduce_scatter,2,32,32,65536,1420.228,0.046,0.045,678,/Users/jburtoft/Documents/opencode/working/collective/task-010/logs/phase_d/single_node_678.out
trn2_48xl_single,reduce_scatter,2,32,32,131072,1334.42,0.098,0.095,678,/Users/jburtoft/Documents/opencode/working/collective/task-010/logs/phase_d/single_node_678.out
trn2_48xl_single,reduce_scatter,2,32,32,262144,1316.086,0.199,0.193,678,/Users/jburtoft/Documents/opencode/working/collective/task-010/logs/phase_d/single_node_678.out
trn2_48xl_single,reduce_scatter,2,32,32,524288,1440.224,0.364,0.353,678,/Users/jburtoft/Documents/opencode/working/collective/task-010/logs/phase_d/single_node_678.out
trn2_48xl_single,reduce_scatter,2,32,32,1048576,1383.264,0.758,0.734,678,/Users/jburtoft/Documents/opencode/working/collective/task-010/logs/phase_d/single_node_678.out
trn2_48xl_single,reduce_scatter,2,32,32,2097152,1308.582,1.603,1.553,678,/Users/jburtoft/Documents/opencode/working/collective/task-010/logs/phase_d/single_node_678.out
trn2_48xl_single,reduce_scatter,2,32,32,4194304,1372.938,3.055,2.96,678,/Users/jburtoft/Documents/opencode/working/collective/task-010/logs/phase_d/single_node_678.out
trn2_48xl_single,reduce_scatter,2,32,32,8388608,1404.475,5.973,5.786,678,/Users/jburtoft/Documents/opencode/working/collective/task-010/logs/phase_d/single_node_678.out
trn2_48xl_single,reduce_scatter,2,32,32,16777216,1436.901,11.676,11.311,678,/Users/jburtoft/Documents/opencode/working/collective/task-010/logs/phase_d/single_node_678.out
trn2_48xl_single,reduce_scatter,2,32,32,33554432,1480.74,22.661,21.952,678,/Users/jburtoft/Documents/opencode/working/collective/task-010/logs/phase_d/single_node_678.out
trn2_48xl_single,reduce_scatter,2,32,32,67108864,1750.161,38.344,37.146,678,/Users/jburtoft/Documents/opencode/working/collective/task-010/logs/phase_d/single_node_678.out
trn2_48xl_single,reduce_scatter,2,32,32,134217728,2205.05,60.868,58.966,678,/Users/jburtoft/Documents/opencode/working/collective/task-010/logs/phase_d/single_node_678.out
trn2_48xl_single,reduce_scatter,2,32,32,268435456,3312.635,81.034,78.502,678,/Users/jburtoft/Documents/opencode/working/collective/task-010/logs/phase_d/single_node_678.out
trn2_48xl_single,reduce_scatter,2,32,32,536870912,5586.159,96.107,93.104,678,/Users/jburtoft/Documents/opencode/working/collective/task-010/logs/phase_d/single_node_678.out
trn2_48xl_single,reduce_scatter,2,32,32,1073741824,13299.345,80.736,78.213,678,/Users/jburtoft/Documents/opencode/working/collective/task-010/logs/phase_d/single_node_678.out
trn2_48xl_single,reduce_scatter,2,32,32,2147483648,26368.766,81.44,78.895,678,/Users/jburtoft/Documents/opencode/working/collective/task-010/logs/phase_d/single_node_678.out
trn2_48xl_single,reduce_scatter,2,32,32,4294967296,52658.837,81.562,79.013,678,/Users/jburtoft/Documents/opencode/working/collective/task-010/logs/phase_d/single_node_678.out
trn2_48xl_single,reduce_scatter,2,32,32,8589934592,105141.683,81.699,79.146,678,/Users/jburtoft/Documents/opencode/working/collective/task-010/logs/phase_d/single_node_678.out
trn2_48xl_single,alltoall,2,32,32,256,2751.162,0.0,0.0,679,/Users/jburtoft/Documents/opencode/working/collective/task-010/logs/phase_d/single_node_679.out
trn2_48xl_single,alltoall,2,32,32,512,2732.548,0.0,0.0,679,/Users/jburtoft/Documents/opencode/working/collective/task-010/logs/phase_d/single_node_679.out
trn2_48xl_single,alltoall,2,32,32,1024,2830.114,0.0,0.0,679,/Users/jburtoft/Documents/opencode/working/collective/task-010/logs/phase_d/single_node_679.out
trn2_48xl_single,alltoall,2,32,32,2048,2855.506,0.001,0.001,679,/Users/jburtoft/Documents/opencode/working/collective/task-010/logs/phase_d/single_node_679.out
trn2_48xl_single,alltoall,2,32,32,4096,2803.518,0.001,0.001,679,/Users/jburtoft/Documents/opencode/working/collective/task-010/logs/phase_d/single_node_679.out
trn2_48xl_single,alltoall,2,32,32,8192,2768.587,0.003,0.003,679,/Users/jburtoft/Documents/opencode/working/collective/task-010/logs/phase_d/single_node_679.out
trn2_48xl_single,alltoall,2,32,32,16384,2793.597,0.006,0.006,679,/Users/jburtoft/Documents/opencode/working/collective/task-010/logs/phase_d/single_node_679.out
trn2_48xl_single,alltoall,2,32,32,32768,2891.603,0.011,0.011,679,/Users/jburtoft/Documents/opencode/working/collective/task-010/logs/phase_d/single_node_679.out
trn2_48xl_single,alltoall,2,32,32,65536,2935.003,0.022,0.022,679,/Users/jburtoft/Documents/opencode/working/collective/task-010/logs/phase_d/single_node_679.out
trn2_48xl_single,alltoall,2,32,32,131072,2842.036,0.046,0.045,679,/Users/jburtoft/Documents/opencode/working/collective/task-010/logs/phase_d/single_node_679.out
trn2_48xl_single,alltoall,2,32,32,262144,2791.953,0.094,0.091,679,/Users/jburtoft/Documents/opencode/working/collective/task-010/logs/phase_d/single_node_679.out
trn2_48xl_single,alltoall,2,32,32,524288,2828.083,0.185,0.18,679,/Users/jburtoft/Documents/opencode/working/collective/task-010/logs/phase_d/single_node_679.out
trn2_48xl_single,alltoall,2,32,32,1048576,2890.496,0.363,0.351,679,/Users/jburtoft/Documents/opencode/working/collective/task-010/logs/phase_d/single_node_679.out
trn2_48xl_single,alltoall,2,32,32,2097152,2844.769,0.737,0.714,679,/Users/jburtoft/Documents/opencode/working/collective/task-010/logs/phase_d/single_node_679.out
trn2_48xl_single,alltoall,2,32,32,4194304,2928.37,1.432,1.388,679,/Users/jburtoft/Documents/opencode/working/collective/task-010/logs/phase_d/single_node_679.out
trn2_48xl_single,alltoall,2,32,32,8388608,3096.971,2.709,2.624,679,/Users/jburtoft/Documents/opencode/working/collective/task-010/logs/phase_d/single_node_679.out
trn2_48xl_single,alltoall,2,32,32,16777216,3407.579,4.923,4.77,679,/Users/jburtoft/Documents/opencode/working/collective/task-010/logs/phase_d/single_node_679.out
trn2_48xl_single,alltoall,2,32,32,33554432,4366.118,7.685,7.445,679,/Users/jburtoft/Documents/opencode/working/collective/task-010/logs/phase_d/single_node_679.out
trn2_48xl_single,alltoall,2,32,32,67108864,6222.298,10.785,10.448,679,/Users/jburtoft/Documents/opencode/working/collective/task-010/logs/phase_d/single_node_679.out
trn2_48xl_single,broadcast,2,32,32,256,541.146,0.0,0.0,680,/Users/jburtoft/Documents/opencode/working/collective/task-010/logs/phase_d/single_node_680.out
trn2_48xl_single,broadcast,2,32,32,512,497.82,0.001,0.001,680,/Users/jburtoft/Documents/opencode/working/collective/task-010/logs/phase_d/single_node_680.out
trn2_48xl_single,broadcast,2,32,32,1024,503.277,0.002,0.002,680,/Users/jburtoft/Documents/opencode/working/collective/task-010/logs/phase_d/single_node_680.out
trn2_48xl_single,broadcast,2,32,32,2048,483.811,0.004,0.004,680,/Users/jburtoft/Documents/opencode/working/collective/task-010/logs/phase_d/single_node_680.out
trn2_48xl_single,broadcast,2,32,32,4096,497.937,0.008,0.008,680,/Users/jburtoft/Documents/opencode/working/collective/task-010/logs/phase_d/single_node_680.out
trn2_48xl_single,broadcast,2,32,32,8192,476.652,0.017,0.017,680,/Users/jburtoft/Documents/opencode/working/collective/task-010/logs/phase_d/single_node_680.out
trn2_48xl_single,broadcast,2,32,32,16384,495.135,0.033,0.033,680,/Users/jburtoft/Documents/opencode/working/collective/task-010/logs/phase_d/single_node_680.out
trn2_48xl_single,broadcast,2,32,32,32768,492.182,0.067,0.067,680,/Users/jburtoft/Documents/opencode/working/collective/task-010/logs/phase_d/single_node_680.out
trn2_48xl_single,broadcast,2,32,32,65536,486.734,0.135,0.135,680,/Users/jburtoft/Documents/opencode/working/collective/task-010/logs/phase_d/single_node_680.out
trn2_48xl_single,broadcast,2,32,32,131072,494.415,0.265,0.265,680,/Users/jburtoft/Documents/opencode/working/collective/task-010/logs/phase_d/single_node_680.out
trn2_48xl_single,broadcast,2,32,32,262144,489.336,0.536,0.536,680,/Users/jburtoft/Documents/opencode/working/collective/task-010/logs/phase_d/single_node_680.out
trn2_48xl_single,broadcast,2,32,32,524288,509.883,1.028,1.028,680,/Users/jburtoft/Documents/opencode/working/collective/task-010/logs/phase_d/single_node_680.out
trn2_48xl_single,broadcast,2,32,32,1048576,513.531,2.042,2.042,680,/Users/jburtoft/Documents/opencode/working/collective/task-010/logs/phase_d/single_node_680.out
trn2_48xl_single,broadcast,2,32,32,2097152,577.614,3.631,3.631,680,/Users/jburtoft/Documents/opencode/working/collective/task-010/logs/phase_d/single_node_680.out
trn2_48xl_single,broadcast,2,32,32,4194304,629.765,6.66,6.66,680,/Users/jburtoft/Documents/opencode/working/collective/task-010/logs/phase_d/single_node_680.out
trn2_48xl_single,broadcast,2,32,32,8388608,739.082,11.35,11.35,680,/Users/jburtoft/Documents/opencode/working/collective/task-010/logs/phase_d/single_node_680.out
trn2_48xl_single,broadcast,2,32,32,16777216,999.872,16.779,16.779,680,/Users/jburtoft/Documents/opencode/working/collective/task-010/logs/phase_d/single_node_680.out
trn2_48xl_single,broadcast,2,32,32,33554432,1539.529,21.795,21.795,680,/Users/jburtoft/Documents/opencode/working/collective/task-010/logs/phase_d/single_node_680.out
trn2_48xl_single,broadcast,2,32,32,67108864,1986.129,33.789,33.789,680,/Users/jburtoft/Documents/opencode/working/collective/task-010/logs/phase_d/single_node_680.out
trn2_48xl_single,broadcast,2,32,32,134217728,3099.574,43.302,43.302,680,/Users/jburtoft/Documents/opencode/working/collective/task-010/logs/phase_d/single_node_680.out
trn2_48xl_single,broadcast,2,32,32,268435456,5857.729,45.826,45.826,680,/Users/jburtoft/Documents/opencode/working/collective/task-010/logs/phase_d/single_node_680.out
trn2_48xl_single,broadcast,2,32,32,536870912,10937.145,49.087,49.087,680,/Users/jburtoft/Documents/opencode/working/collective/task-010/logs/phase_d/single_node_680.out
trn2_48xl_single,broadcast,2,32,32,1073741824,20520.464,52.325,52.325,680,/Users/jburtoft/Documents/opencode/working/collective/task-010/logs/phase_d/single_node_680.out
trn2_48xl_single,broadcast,2,32,32,2147483648,40771.126,52.672,52.672,680,/Users/jburtoft/Documents/opencode/working/collective/task-010/logs/phase_d/single_node_680.out
trn2_48xl_single,all_reduce,2,64,64,512,5873.902,0.0,0.0,682,/Users/jburtoft/Documents/opencode/working/collective/task-010/logs/phase_d/single_node_682.out
trn2_48xl_single,all_reduce,2,64,64,1024,4835.283,0.0,0.0,682,/Users/jburtoft/Documents/opencode/working/collective/task-010/logs/phase_d/single_node_682.out
trn2_48xl_single,all_reduce,2,64,64,2048,5254.399,0.001,0.001,682,/Users/jburtoft/Documents/opencode/working/collective/task-010/logs/phase_d/single_node_682.out
trn2_48xl_single,all_reduce,2,64,64,4096,5174.158,0.002,0.002,682,/Users/jburtoft/Documents/opencode/working/collective/task-010/logs/phase_d/single_node_682.out
trn2_48xl_single,all_reduce,2,64,64,8192,5358.664,0.003,0.003,682,/Users/jburtoft/Documents/opencode/working/collective/task-010/logs/phase_d/single_node_682.out
trn2_48xl_single,all_reduce,2,64,64,16384,5190.575,0.006,0.006,682,/Users/jburtoft/Documents/opencode/working/collective/task-010/logs/phase_d/single_node_682.out
trn2_48xl_single,all_reduce,2,64,64,32768,5039.54,0.013,0.013,682,/Users/jburtoft/Documents/opencode/working/collective/task-010/logs/phase_d/single_node_682.out
trn2_48xl_single,all_reduce,2,64,64,65536,5424.437,0.024,0.024,682,/Users/jburtoft/Documents/opencode/working/collective/task-010/logs/phase_d/single_node_682.out
trn2_48xl_single,all_reduce,2,64,64,131072,5425.307,0.048,0.048,682,/Users/jburtoft/Documents/opencode/working/collective/task-010/logs/phase_d/single_node_682.out
trn2_48xl_single,all_reduce,2,64,64,262144,5512.488,0.095,0.094,682,/Users/jburtoft/Documents/opencode/working/collective/task-010/logs/phase_d/single_node_682.out
trn2_48xl_single,all_reduce,2,64,64,524288,5300.052,0.198,0.195,682,/Users/jburtoft/Documents/opencode/working/collective/task-010/logs/phase_d/single_node_682.out
trn2_48xl_single,all_reduce,2,64,64,1048576,5258.309,0.399,0.393,682,/Users/jburtoft/Documents/opencode/working/collective/task-010/logs/phase_d/single_node_682.out
trn2_48xl_single,all_reduce,2,64,64,2097152,5066.618,0.828,0.815,682,/Users/jburtoft/Documents/opencode/working/collective/task-010/logs/phase_d/single_node_682.out
trn2_48xl_single,all_reduce,2,64,64,4194304,5280.832,1.589,1.564,682,/Users/jburtoft/Documents/opencode/working/collective/task-010/logs/phase_d/single_node_682.out
trn2_48xl_single,all_reduce,2,64,64,8388608,5120.37,3.277,3.225,682,/Users/jburtoft/Documents/opencode/working/collective/task-010/logs/phase_d/single_node_682.out
trn2_48xl_single,all_reduce,2,64,64,16777216,4890.25,6.861,6.754,682,/Users/jburtoft/Documents/opencode/working/collective/task-010/logs/phase_d/single_node_682.out
trn2_48xl_single,all_reduce,2,64,64,33554432,4933.849,13.602,13.389,682,/Users/jburtoft/Documents/opencode/working/collective/task-010/logs/phase_d/single_node_682.out
trn2_48xl_single,all_reduce,2,64,64,67108864,5802.818,23.13,22.768,682,/Users/jburtoft/Documents/opencode/working/collective/task-010/logs/phase_d/single_node_682.out
trn2_48xl_single,all_reduce,2,64,64,134217728,6709.468,40.008,39.383,682,/Users/jburtoft/Documents/opencode/working/collective/task-010/logs/phase_d/single_node_682.out
trn2_48xl_single,all_reduce,2,64,64,268435456,8302.47,64.664,63.654,682,/Users/jburtoft/Documents/opencode/working/collective/task-010/logs/phase_d/single_node_682.out
trn2_48xl_single,all_reduce,2,64,64,536870912,10601.256,101.284,99.702,682,/Users/jburtoft/Documents/opencode/working/collective/task-010/logs/phase_d/single_node_682.out
trn2_48xl_single,all_reduce,2,64,64,1073741824,17607.095,121.967,120.061,682,/Users/jburtoft/Documents/opencode/working/collective/task-010/logs/phase_d/single_node_682.out
trn2_48xl_single,all_reduce,2,64,64,2147483648,29638.747,144.911,142.646,682,/Users/jburtoft/Documents/opencode/working/collective/task-010/logs/phase_d/single_node_682.out
trn2_48xl_single,all_gather,2,64,64,512,7582.47,0.004,0.004,683,/Users/jburtoft/Documents/opencode/working/collective/task-010/logs/phase_d/single_node_683.out
trn2_48xl_single,all_gather,2,64,64,1024,7636.075,0.009,0.008,683,/Users/jburtoft/Documents/opencode/working/collective/task-010/logs/phase_d/single_node_683.out
trn2_48xl_single,all_gather,2,64,64,2048,7683.973,0.017,0.017,683,/Users/jburtoft/Documents/opencode/working/collective/task-010/logs/phase_d/single_node_683.out
trn2_48xl_single,all_gather,2,64,64,4096,7258.853,0.036,0.036,683,/Users/jburtoft/Documents/opencode/working/collective/task-010/logs/phase_d/single_node_683.out
trn2_48xl_single,all_gather,2,64,64,8192,7574.418,0.069,0.068,683,/Users/jburtoft/Documents/opencode/working/collective/task-010/logs/phase_d/single_node_683.out
trn2_48xl_single,all_gather,2,64,64,16384,7498.872,0.14,0.138,683,/Users/jburtoft/Documents/opencode/working/collective/task-010/logs/phase_d/single_node_683.out
trn2_48xl_single,all_gather,2,64,64,32768,7644.097,0.274,0.27,683,/Users/jburtoft/Documents/opencode/working/collective/task-010/logs/phase_d/single_node_683.out
trn2_48xl_single,all_gather,2,64,64,65536,7592.436,0.552,0.544,683,/Users/jburtoft/Documents/opencode/working/collective/task-010/logs/phase_d/single_node_683.out
trn2_48xl_single,all_gather,2,64,64,131072,7236.318,1.159,1.141,683,/Users/jburtoft/Documents/opencode/working/collective/task-010/logs/phase_d/single_node_683.out
trn2_48xl_single,all_gather,2,64,64,262144,7405.76,2.265,2.23,683,/Users/jburtoft/Documents/opencode/working/collective/task-010/logs/phase_d/single_node_683.out
trn2_48xl_single,all_gather,2,64,64,524288,7349.867,4.565,4.494,683,/Users/jburtoft/Documents/opencode/working/collective/task-010/logs/phase_d/single_node_683.out
trn2_48xl_single,all_gather,2,64,64,1048576,7108.897,9.44,9.293,683,/Users/jburtoft/Documents/opencode/working/collective/task-010/logs/phase_d/single_node_683.out
trn2_48xl_single,all_gather,2,64,64,2097152,7936.04,16.912,16.648,683,/Users/jburtoft/Documents/opencode/working/collective/task-010/logs/phase_d/single_node_683.out
